strain	accession	country	continent
A/Antananarivo/1089/2016	EPI_ISL_230471	 Madagascar	Africa 
A/Antsirabe/4350/2015	EPI_ISL_207922	 Madagascar	Africa 
A/Antsirabe/5599/2016	EPI_ISL_237808	 Madagascar	Africa 
A/Burkina Faso/042/2017	EPI_ISL_283209	 Burkina Faso	Africa 
A/Burkina Faso/132/2017	EPI_ISL_283222	 Burkina Faso	Africa 
A/Burkina Faso/133/2017	EPI_ISL_289562	 Burkina Faso	Africa 
A/Burkina Faso/150/2017	EPI_ISL_283231	 Burkina Faso	Africa 
A/Burkina Faso/154/2017	EPI_ISL_283233	 Burkina Faso	Africa 
A/Burkina Faso/2105/2017	EPI_ISL_283235	 Burkina Faso	Africa 
A/Burkina Faso/2108/2017	EPI_ISL_283237	 Burkina Faso	Africa 
A/Burkina Faso/583/2015	EPI_ISL_221004	 Burkina Faso	Africa 
A/Congo/122/2017	EPI_ISL_282765	 Congo	Africa 
A/Congo/1939/2015	EPI_ISL_216286	 Congo	Africa 
A/Congo/1941/2015	EPI_ISL_227400	 Congo	Africa 
A/Congo/1942/2015	EPI_ISL_218177	 Congo	Africa 
A/Congo/1966/2015	EPI_ISL_220999	 Congo	Africa 
A/Congo/1970/2015	EPI_ISL_223222	 Congo	Africa 
A/Congo/1973/2015	EPI_ISL_223223	 Congo	Africa 
A/Congo/1989/2015	EPI_ISL_223224	 Congo	Africa 
A/Congo/2131/2015	EPI_ISL_223229	 Congo	Africa 
A/Congo/2265/2015	EPI_ISL_213208	 Congo	Africa 
A/Congo/2275/2014	EPI_ISL_175254	 Congo	Africa 
A/Congo/2278/2014	EPI_ISL_175259	 Congo	Africa 
A/Congo/493/2017	EPI_ISL_305275	 Congo	Africa 
A/Congo/545/2017	EPI_ISL_305262	 Congo	Africa 
A/Congo/584/2017	EPI_ISL_305256	 Congo	Africa 
A/Congo/587/2017	EPI_ISL_305271	 Congo	Africa 
A/Congo/600/2017	EPI_ISL_305254	 Congo	Africa 
A/Congo/611/2017	EPI_ISL_305253	 Congo	Africa 
A/Cote D'Ivoire/1653/2017	EPI_ISL_300918	 Cote d'Ivoire	Africa 
A/Cote D'Ivoire/1784/2017	EPI_ISL_300858	 Cote d'Ivoire	Africa 
A/Cote D'Ivoire/1785/2017	EPI_ISL_300845	 Cote d'Ivoire	Africa 
A/Cote D'Ivoire/1884/2017	EPI_ISL_305912	 Cote d'Ivoire	Africa 
A/Cote D'Ivoire/709/2009	EPI_ISL_34539	 Cote d'Ivoire	Africa 
A/Egypt/4372/2014	EPI_ISL_178484	 Egypt	Africa 
A/Egypt/4758/2014	EPI_ISL_178482	 Egypt	Africa 
A/Egypt/6194/2009	EPI_ISL_62231	 Egypt	Africa 
A/Ethiopia/1149/2014	EPI_ISL_172641	 Ethiopia	Africa 
A/Ethiopia/1396/2015	EPI_ISL_221010	 Ethiopia	Africa 
A/Ethiopia/1397/2015	EPI_ISL_221011	 Ethiopia	Africa 
A/Ethiopia/1587/2016	EPI_ISL_232686	 Ethiopia	Africa 
A/Ethiopia/16/2009	EPI_ISL_33576	 Ethiopia	Africa 
A/Ethiopia/45/2010	EPI_ISL_71367	 Ethiopia	Africa 
A/Ethiopia/63/2014	EPI_ISL_172648	 Ethiopia	Africa 
A/Ethiopia/66/2014	EPI_ISL_172640	 Ethiopia	Africa 
A/Kenya/101/2016	EPI_ISL_248209	 Kenya	Africa 
A/Kenya/104/2016	EPI_ISL_268419	 Kenya	Africa 
A/Kenya/106/2016	EPI_ISL_256091	 Kenya	Africa 
A/Kenya/108/2016	EPI_ISL_248216	 Kenya	Africa 
A/Kenya/109/2016	EPI_ISL_256092	 Kenya	Africa 
A/Kenya/126/2009	EPI_ISL_35013	 Kenya	Africa 
A/Kenya/196/2011 	EPI_ISL_106806	 Kenya 	Africa 
A/Kijabe/16/2010	EPI_ISL_140406	 Kenya 	Africa 
A/Kitale/531/2009	EPI_ISL_139716	 Kenya 	Africa 
A/Maevatanana/4189/2015	EPI_ISL_208484	 Madagascar	Africa 
A/Maevatanana/4191/2015	EPI_ISL_208485	 Madagascar	Africa 
A/Maevatanana/4192/2015	EPI_ISL_206504	 Madagascar	Africa 
A/Maevatanana/4197/2015	EPI_ISL_207929	 Madagascar	Africa 
A/Mali/025/2016	EPI_ISL_232664	 Mali	Africa 
A/Mali/030/2017	EPI_ISL_281622	 Mali	Africa 
A/Mali/033/2016	EPI_ISL_230536	 Mali	Africa 
A/Mali/047/2016	EPI_ISL_232676	 Mali	Africa 
A/Mali/075/2017	EPI_ISL_281618	 Mali	Africa 
A/Mali/082/2017	EPI_ISL_281621	 Mali	Africa 
A/Mali/084/2016	EPI_ISL_232669	 Mali	Africa 
A/Mali/085/2016	EPI_ISL_230532	 Mali	Africa 
A/Mali/085/2017	EPI_ISL_281625	 Mali	Africa 
A/Mali/087/2017	EPI_ISL_282771	 Mali	Africa 
A/Mali/088/2017	EPI_ISL_281615	 Mali	Africa 
A/Mali/090/2017	EPI_ISL_281629	 Mali	Africa 
A/Mali/091/2017	EPI_ISL_281631	 Mali	Africa 
A/Mali/095/2016	EPI_ISL_232668	 Mali	Africa 
A/Mali/096/2016	EPI_ISL_230534	 Mali	Africa 
A/Mali/098/2016	EPI_ISL_230535	 Mali	Africa 
A/Mali/100/2016	EPI_ISL_233489	 Mali	Africa 
A/Mali/101/2017	EPI_ISL_281585	 Mali	Africa 
A/Mali/110/2016	EPI_ISL_232673	 Mali	Africa 
A/Mali/115/2016	EPI_ISL_232674	 Mali	Africa 
A/Mali/199/2017	EPI_ISL_281589	 Mali	Africa 
A/Mali/252-CI/2015	EPI_ISL_207931	 Mali	Africa 
A/Mali/6019/2016	EPI_ISL_235014	 Mali	Africa 
A/Mali/6020/2016	EPI_ISL_232682	 Mali	Africa 
A/Mali/6063/2016	EPI_ISL_232680	 Mali	Africa 
A/Mali/6071/2016	EPI_ISL_232683	 Mali	Africa 
A/Mali/7032/2017	EPI_ISL_282772	 Mali	Africa 
A/Mombasa/27/2009	EPI_ISL_140395	 Kenya 	Africa 
A/Moramanga/1351/2016	EPI_ISL_230473	 Madagascar	Africa 
A/Mozambique/333/2017	EPI_ISL_287707	 Mozambique	Africa 
A/Mozambique/376/2016	EPI_ISL_236217	 Mozambique	Africa 
A/Nairobi/11/2010	EPI_ISL_140405	 Kenya 	Africa 
A/Nairobi/16/2009	EPI_ISL_140404	 Kenya 	Africa 
A/Nairobi/20/2010	EPI_ISL_140407	 Kenya 	Africa 
A/Nairobi/21/2010	EPI_ISL_140408	 Kenya 	Africa 
A/Nairobi/24/2010	EPI_ISL_140409	 Kenya 	Africa 
A/Nairobi/25/2010	EPI_ISL_140410	 Kenya 	Africa 
A/Nairobi/37/2009 	EPI_ISL_140396	 Kenya 	Africa 
A/Nairobi/58/2009	EPI_ISL_139708	 Kenya 	Africa 
A/Nairobi/72/2010	EPI_ISL_140411	 Kenya 	Africa 
A/Nairobi/80/2010	EPI_ISL_140412	 Kenya 	Africa 
A/Nairobi/97/2010	EPI_ISL_140413	 Kenya 	Africa 
A/Nakuru/192/2009	EPI_ISL_139719	 Kenya 	Africa 
A/Niger/5366/2017	EPI_ISL_299845	 Niger	Africa 
A/Niger/5422/2017	EPI_ISL_299846	 Niger	Africa 
A/Rwanda/395/2016	EPI_ISL_237822	 Rwanda	Africa 
A/Rwanda/446/2016	EPI_ISL_232589	 Rwanda	Africa 
A/Rwanda/483/2016	EPI_ISL_232592	 Rwanda	Africa 
A/Rwanda/581/2016	EPI_ISL_232134	 Rwanda	Africa 
A/Rwanda/603/2016	EPI_ISL_232590	 Rwanda	Africa 
A/Seychelles/106/2009	EPI_ISL_35021	 Seychelles	Africa 
A/South Africa/2517/2016	EPI_ISL_230453	 South Africa	Africa 
A/South Africa/3599/2014	EPI_ISL_171814	 South Africa 	Africa 
A/South Africa/3626/2013	EPI_ISL_175880	 South Africa	Africa 
A/South Africa/4002/2016	EPI_ISL_230465	 South Africa	Africa 
A/South Africa/4028/2015	EPI_ISL_205287	 South Africa	Africa 
A/South Africa/4030/2015	EPI_ISL_205294	 South Africa	Africa 
A/South Africa/4291/2015	EPI_ISL_205295	 South Africa	Africa 
A/South Africa/4377/2016	EPI_ISL_233066	 South Africa	Africa 
A/South Africa/5142/2016	EPI_ISL_233064	 South Africa	Africa 
A/South Africa/5148/2016	EPI_ISL_233065	 South Africa	Africa 
A/South Africa/5325/2015	EPI_ISL_207384	 South Africa	Africa 
A/South Africa/R07198/2017	EPI_ISL_283371	 South Africa	Africa 
A/Tanzania/2082/2015	EPI_ISL_214908	 Tanzania	Africa 
A/Tanzania/2085/2015	EPI_ISL_214909	 Tanzania	Africa 
A/Tanzania/2104/2015	EPI_ISL_214171	 Tanzania	Africa 
A/Tanzania/2109/2015	EPI_ISL_213146	 Tanzania	Africa 
A/Tanzania/2119/2015	EPI_ISL_216261	 Tanzania	Africa 
A/Tanzania/2192/2016	EPI_ISL_232603	 Tanzania	Africa 
A/Tanzania/2226/2016	EPI_ISL_232605	 Tanzania	Africa 
A/Tanzania/2426/2017	EPI_ISL_298528	 Tanzania	Africa 
A/Tanzania/2730/2017	EPI_ISL_298522	 Tanzania	Africa 
A/Tanzania/2767/2015	EPI_ISL_211950	 Tanzania	Africa 
A/Tanzania/2899/2016	EPI_ISL_232606	 Tanzania	Africa 
A/Tanzania/2927/2016	EPI_ISL_235339	 Tanzania	Africa 
A/Tanzania/3866/2015	EPI_ISL_218136	 Tanzania	Africa 
A/Tanzania/3903/2015	EPI_ISL_214911	 Tanzania	Africa 
A/Tanzania/4777/2017	EPI_ISL_298526	 Tanzania	Africa 
A/Tanzania/4778/2017	EPI_ISL_298513	 Tanzania	Africa 
A/Tanzania/669/2015	EPI_ISL_216262	 Tanzania	Africa 
A/Tanzania/671/2015	EPI_ISL_207950	 Tanzania	Africa 
A/Tanzania/689/2016	EPI_ISL_232607	 Tanzania	Africa 
A/Tanzania/690/2015	EPI_ISL_218137	 Tanzania	Africa 
A/Toamasina/4159/2015	EPI_ISL_210340	 Madagascar	Africa 
A/Togo/1023/2017	EPI_ISL_292630	 Togo	Africa 
A/Togo/1081/2017	EPI_ISL_292623	 Togo	Africa 
A/Togo/1101/2017	EPI_ISL_292626	 Togo	Africa 
A/Trans-Nzoia/168/2009	EPI_ISL_139720	 Kenya 	Africa 
A/Tsiroanomandidy/3864/2015	EPI_ISL_218135	 Madagascar	Africa 
A/Uganda/1625/2014	EPI_ISL_176803	 Uganda	Africa 
A/Uganda/430/2009	EPI_ISL_62338	 Uganda	Africa 
A/Uganda/856/2014	EPI_ISL_176806	 Uganda	Africa 
A/Zambia/0003/2015	EPI_ISL_220967	 Zambia	Africa 
A/Zambia/0420/2015	EPI_ISL_220966	 Zambia	Africa 
A/Zambia/302/2015	EPI_ISL_220959	 Zambia	Africa 
A/Zambia/308/2015	EPI_ISL_220958	 Zambia	Africa 
A/Zambia/38/2015	EPI_ISL_220969	 Zambia	Africa 
A/Abu Dhabi/039/2017	EPI_ISL_299801	 United Arab Emirates	Asia
A/Abu Dhabi/092/2017	EPI_ISL_307735	 United Arab Emirates	Asia
A/Afghanistan/087/2016	EPI_ISL_233088	 Afghanistan	Asia
A/Akita/1/2009	EPI_ISL_31855	 Japan 	Asia
A/Bahrain/1006/2015	EPI_ISL_216234	 Bahrain	Asia
A/Bahrain/1420/2015	EPI_ISL_218192	 Bahrain	Asia
A/Bahrain/256/2018	EPI_ISL_315809	 Bahrain	Asia
A/Bahrain/575/2014	EPI_ISL_173265	 Bahrain	Asia
A/Bahrain/602/2014	EPI_ISL_173266	 Bahrain	Asia
A/Bangkok/INS424/2010	EPI_ISL_78748	 Thailand 	Asia
A/Bangkok/INS426/2010	EPI_ISL_78750	 Thailand 	Asia
A/Bangkok/INS428/2010	EPI_ISL_78752	 Thailand 	Asia
A/Bangkok/SIMI501/2009	EPI_ISL_181401	 Thailand	Asia
A/Bangkok/SIMI502/2010	EPI_ISL_181402	 Thailand	Asia
A/Bangkok/SIMI503/2010	EPI_ISL_181403	 Thailand	Asia
A/Bangkok/SIMI504/2010	EPI_ISL_181404	 Thailand	Asia
A/Bangkok/SIMI505/2010	EPI_ISL_181405	 Thailand	Asia
A/Bangkok/SIMI506/2010	EPI_ISL_181406	 Thailand	Asia
A/Bangkok/SIMI508/2010	EPI_ISL_181408	 Thailand	Asia
A/Bangkok/SIMI511/2010	EPI_ISL_181411	 Thailand	Asia
A/Bangladesh/03249/2018	EPI_ISL_333536	 Bangladesh	Asia
A/Bangladesh/1097/2015	EPI_ISL_178494	 Bangladesh	Asia
A/Bangladesh/11003/2015	EPI_ISL_192153	 Bangladesh	Asia
A/Bangladesh/1466/2018	EPI_ISL_330193	 Bangladesh	Asia
A/Bangladesh/149/2018	EPI_ISL_330444	 Bangladesh	Asia
A/Bangladesh/1496/2018	EPI_ISL_336831	 Bangladesh	Asia
A/Bangladesh/1500/2018	EPI_ISL_336809	 Bangladesh	Asia
A/Bangladesh/15007/2015	EPI_ISL_201615	 Bangladesh	Asia
A/Bangladesh/181/2018	EPI_ISL_330427	 Bangladesh	Asia
A/Bangladesh/2002/2015	EPI_ISL_201621	 Bangladesh	Asia
A/Bangladesh/2004/2015	EPI_ISL_202374	 Bangladesh	Asia
A/Bangladesh/2018/2018	EPI_ISL_346021	 Bangladesh	Asia
A/Bangladesh/236/2018	EPI_ISL_333525	 Bangladesh	Asia
A/Bangladesh/3006/2015	EPI_ISL_206509	 Bangladesh	Asia
A/Bangladesh/3008/2015	EPI_ISL_193002	 Bangladesh	Asia
A/Bangladesh/3094/2015	EPI_ISL_194940	 Bangladesh	Asia
A/Bangladesh/4004/2015	EPI_ISL_201616	 Bangladesh	Asia
A/Bangladesh/5256/2015	EPI_ISL_193606	 Bangladesh	Asia
A/Bangladesh/6891/2015	EPI_ISL_192622	 Bangladesh	Asia
A/Bangladesh/85006/2015	EPI_ISL_202366	 Bangladesh	Asia
A/Bangladesh/9511/2015	EPI_ISL_192624	 Bangladesh	Asia
A/Bangladesh/9584/2015	EPI_ISL_192635	 Bangladesh	Asia
A/Beijing-Dongcheng/SWL51/2011	EPI_ISL_94552	 China 	Asia
A/Beijing-Xicheng/SWL1261/2011	EPI_ISL_94564	 China 	Asia
A/Beijing/01/2009	EPI_ISL_30518	 China 	Asia
A/CAMBODIA/11/2011	EPI_ISL_101543	 Cambodia	Asia
A/Cambodia/1326/2015	EPI_ISL_221606	 Cambodia	Asia
A/Cambodia/A0330504/2016	EPI_ISL_239909	 Cambodia	Asia
A/Cambodia/A0614502/2016	EPI_ISL_239910	 Cambodia	Asia
A/Cambodia/A0621587/2016	EPI_ISL_237864	 Cambodia 	Asia
A/Cambodia/FSS31314/2016	EPI_ISL_239915	 Cambodia	Asia
A/CAMBODIA/Y0630302/2014	EPI_ISL_168842	 Cambodia 	Asia
A/Chiang Rai/312/2012	EPI_ISL_134826	 Thailand	Asia
A/Chongqing/SWL throat swab1/2011	EPI_ISL_94566	 China 	Asia
A/Daegu/2001/2014	EPI_ISL_172642	 Korea	Asia
A/Dundgobi/9746/2009	EPI_ISL_70294	 Mongolia	Asia
A/Fujian-Gulou/SWL1103/2011	EPI_ISL_94586	 China 	Asia
A/Fujian-Gulou/SWL1338/2010_C2	EPI_ISL_334469	 China 	Asia
A/Fujian-Xinluo/SWL1141/2011	EPI_ISL_94653	 China 	Asia
A/Fujian-Yanping/SWL1115/2010	EPI_ISL_75084	 China 	Asia
A/FUKUOKA-C/42/2016	EPI_ISL_270258	 Japan	Asia
A/Gansu-Chengguan/SWL579/2011	EPI_ISL_94582	 China 	Asia
A/Gansu-Ganzhou/SWL33/2012_C1	EPI_ISL_334471	 China 	Asia
A/Gansu-Ganzhou/SWL33/2012_E2	EPI_ISL_334472	 China 	Asia
A/Gansu-Ganzhou/SWL34/2012_C1	EPI_ISL_334473	 China 	Asia
A/Gansu-Ganzhou/SWL34/2012_E2	EPI_ISL_334474	 China 	Asia
A/GIFU-C/3/2018	EPI_ISL_331259	 Japan	Asia
A/Guangdong-Dongwanbendi/SWL1188/2014_C1+C1	EPI_ISL_334435	 China 	Asia
A/Guangdong-Dongwanbendi/SWL1188/2014_E2+E1	EPI_ISL_334436	 China 	Asia
A/Guangdong-Jiangcheng/SWL181/2010	EPI_ISL_75866	 China 	Asia
A/Guangdong-Liwan/SWL1170/2010	EPI_ISL_75871	 China 	Asia
A/Guangdong-Liwan/SWL172/2010	EPI_ISL_75873	 China 	Asia
A/Guangdong-Liwan/SWL176/2010	EPI_ISL_75874	 China 	Asia
A/Guangdong-Wujiang/SWL51/2010	EPI_ISL_75867	 China 	Asia
A/Guangdong-Xinxing/SWL198/2011	EPI_ISL_94583	 China 	Asia
A/Guangdong-Yuexiu/SWL1276/2010	EPI_ISL_75872	 China 	Asia
A/Guangdong-Zhenjiang/SWL165/2010	EPI_ISL_75865	 China 	Asia
A/Guangdong-Zhenjiang/SWL176/2010	EPI_ISL_75868	 China 	Asia
A/Guangdong-Zhongshan/SWL1323/2014_C1+C1	EPI_ISL_334437	 China 	Asia
A/Guangdong-Zhongshan/SWL1323/2014_E2+E1	EPI_ISL_334438	 China 	Asia
A/Guangdong/02/2009	EPI_ISL_30631	 China 	Asia
A/Guangdong/03/2009	EPI_ISL_61145	 China	Asia
A/Guangdong/2/2009	EPI_ISL_30734	 China 	Asia
A/Guangdong/SWL3/2009	EPI_ISL_62196	 China 	Asia
A/Guangzhou/GIRD74/2010	EPI_ISL_135218	 China	Asia
A/GuangzhouSB/01/2009	EPI_ISL_61869	 China	Asia
A/Guizhou/SWL1/2009	EPI_ISL_73548	 China 	Asia
A/GUNMA/52/2009	EPI_ISL_64501	 Japan	Asia
A/Gyeongbuk/643/2015	EPI_ISL_192068	" Korea, Republic of"	Asia
A/Hebei-Yuhua/SWL1187/2011	EPI_ISL_94629	 China 	Asia
A/Hebei/SWL1/2009	EPI_ISL_73563	 China 	Asia
A/Heilongjiang-Longsha/SWL1181/2011	EPI_ISL_94652	 China 	Asia
A/Heilongjiang-Xiangfang/SWL1528/2011	EPI_ISL_94630	 China 	Asia
A/Heilongjiang-Xiangyang/SWL196/2011	EPI_ISL_94579	 China 	Asia
A/HIMEJI/L1/2009	EPI_ISL_64503	 Japan	Asia
A/HIROSHIMA/19/2013	EPI_ISL_143715	 Japan	Asia
A/Hiroshima/230/2009	EPI_ISL_61156	 Japan	Asia
A/HIROSHIMA/316/2009	EPI_ISL_64508	 Japan	Asia
A/HIROSHIMA/63/2014	EPI_ISL_174813	 Japan	Asia
A/Hong Kong/1104/2018	EPI_ISL_319760	 Hong Kong (SAR)	Asia
A/Hong Kong/1124/2018	EPI_ISL_319755	 Hong Kong (SAR)	Asia
A/Hong Kong/223/2017	EPI_ISL_256090	 Hong Kong (SAR)	Asia
A/Hong Kong/26579/2009	EPI_ISL_68772	 Hong Kong (SAR)	Asia
A/Hong Kong/3646/2017	EPI_ISL_275657	 Hong Kong (SAR)	Asia
A/Hong Kong/415742Md/2009	EPI_ISL_87431	 Hong Kong (SAR)	Asia
A/Hong Kong/4988/2017	EPI_ISL_300843	 Hong Kong (SAR)	Asia
A/Hong Kong/5008/2013	EPI_ISL_150295	 Hong Kong (SAR)	Asia
A/Hong Kong/7572/2014	EPI_ISL_172651	 Hong Kong (SAR)	Asia
A/Hong Kong/7573/2014	EPI_ISL_172653	 Hong Kong (SAR)	Asia
A/Hong Kong/95/2016	EPI_ISL_224142	 Hong Kong (SAR)	Asia
A/Hubei-Hongshan/SWL143/2010	EPI_ISL_75882	 China 	Asia
A/Hubei-Songzi/SWL1166/2010	EPI_ISL_75879	 China 	Asia
A/Hubei-Songzi/SWL160/2010	EPI_ISL_75875	 China 	Asia
A/Hubei-Wuchang/SWL1141/2014_C1+C1	EPI_ISL_334441	 China 	Asia
A/Hubei-Wuchang/SWL1141/2014_E3+E1	EPI_ISL_334442	 China 	Asia
A/Hubei-Wuchang/SWL174/2010	EPI_ISL_75881	 China 	Asia
A/Hubei/99/2009	EPI_ISL_102373	 China	Asia
A/Hunan-Furong/SWL410/2011	EPI_ISL_94551	 China 	Asia
A/Hunan-Jishou/SWL1116/2011	EPI_ISL_94633	 China 	Asia
A/Hunan-Jishou/SWL1124/2011	EPI_ISL_94654	 China 	Asia
A/Hunan-Xiangtan/SWL141/2011	EPI_ISL_94576	 China 	Asia
A/Hunan-Yueyanglou/SWL143/2011	EPI_ISL_94584	 China 	Asia
A/Hunan-Yuhua/SWL173/2011	EPI_ISL_94585	 China 	Asia
A/Hunan/SWL throat swab2/2011	EPI_ISL_94562	 China 	Asia
A/Hunan/SWL throat swab9/2011	EPI_ISL_94567	 China 	Asia
A/Hunan/SWL3/2009	EPI_ISL_33880	 China 	Asia
A/India/0322/2017	EPI_ISL_311856	 India	Asia
A/India/2192/2012	EPI_ISL_138692	 India	Asia
A/India/6427/2014	EPI_ISL_164784	 India	Asia
A/India/8900/2015	EPI_ISL_220977	 India	Asia
A/India/9358/2017	EPI_ISL_281604	 India	Asia
A/India/GWL_DSC/2010	EPI_ISL_104330	 India	Asia
A/India/Nag132467/2013	EPI_ISL_146123	 India	Asia
A/India/Nsk12388/2012	EPI_ISL_146137	 India	Asia
A/India/P1112874/2011	EPI_ISL_146133	 India	Asia
A/India/P1114854/2011	EPI_ISL_146135	 India	Asia
A/India/P121716/2012	EPI_ISL_146139	 India	Asia
A/India/P121717/2012	EPI_ISL_146141	 India	Asia
A/India/P121773/2012	EPI_ISL_146143	 India	Asia
A/India/P121778/2012	EPI_ISL_146129	 India	Asia
A/India/P12946/2012	EPI_ISL_146119	 India	Asia
A/India/P131027/2013	EPI_ISL_153079	 India	Asia
A/India/P131845/2013	EPI_ISL_146125	 India	Asia
A/India/P132194/2013	EPI_ISL_146127	 India	Asia
A/India/Pun151508/2015	EPI_ISL_218438	 India	Asia
A/Indonesia/1069_S7_L001/2012	EPI_ISL_269906	 Indonesia 	Asia
A/Indonesia/1239_S17_L001/2012	EPI_ISL_269973	 Indonesia 	Asia
A/Indonesia/1247_S41_L001/2012	EPI_ISL_269919	 Indonesia 	Asia
A/Indonesia/1270_S6_L001/2012	EPI_ISL_269977	 Indonesia 	Asia
A/Indonesia/1279_S66_L001/2012	EPI_ISL_269975	 Indonesia 	Asia
A/Indonesia/Nihrd-Jpr 189/2016	EPI_ISL_233495	 Indonesia	Asia
A/Iraq/10249/2009	EPI_ISL_35012	 Iraq	Asia
A/Jeju/837/2017	EPI_ISL_313066	 Korea	Asia
A/Jeonbuk/1997/2014	EPI_ISL_172638	 Korea	Asia
A/Jeonbuk/1998/2014	EPI_ISL_172639	 Korea	Asia
A/Jeonbuk/2005/2014	EPI_ISL_172644	 Korea	Asia
A/Jiangsu-Qinhuai/SWL167/2010	EPI_ISL_75085	 China 	Asia
A/Jiangsu-Xinpu/SWL187/2011	EPI_ISL_94577	 China 	Asia
A/Jiangxi/SWL throat swab1/2011	EPI_ISL_94568	 China 	Asia
A/Jilin-Chuanying/SWL1186/2011	EPI_ISL_94581	 China 	Asia
A/Jilin-Nanguan/SWL181/2010	EPI_ISL_75089	 China 	Asia
A/KANAGAWA/146/2013	EPI_ISL_153618	 Japan	Asia
A/KANAGAWA/149/2013	EPI_ISL_153619	 Japan	Asia
A/Kanagawa/163/2014	EPI_ISL_172645	 Japan	Asia
A/KANAGAWA/165/2014	EPI_ISL_170429	 Japan	Asia
A/KANAGAWA/19/2016	EPI_ISL_223611	 Japan	Asia
A/KANAGAWA/AC2/2016	EPI_ISL_258122	 Japan	Asia
A/KANAGAWA/AC6/2016	EPI_ISL_258124	 Japan	Asia
A/Kazakhstan/159/2016	EPI_ISL_223254	 Kazakhstan	Asia
A/Kazakhstan/384/2018	EPI_ISL_311539	 Kazakhstan	Asia
A/Kazakhstan/390/2016	EPI_ISL_223258	 Kazakhstan	Asia
A/Kazakhstan/52/2015	EPI_ISL_206556	 Kazakhstan	Asia
A/Kazakhstan/54/2015	EPI_ISL_206557	 Kazakhstan	Asia
A/Kazakhstan/683/2016	EPI_ISL_223271	 Kazakhstan	Asia
A/Kazakhstan/72/2016	EPI_ISL_223272	 Kazakhstan	Asia
A/Kazakhstan/8014/2018	EPI_ISL_349829	 Kazakhstan	Asia
A/Kazakhstan/8079/2018	EPI_ISL_351867	 Kazakhstan	Asia
A/KUMAMOTO/1/2016	EPI_ISL_218890	 Japan	Asia
A/KUMAMOTO/21/2016	EPI_ISL_221793	 Japan	Asia
A/Kuwait/3834/2017	EPI_ISL_307754	 Kuwait	Asia
A/Kuwait/7669/2017	EPI_ISL_311855	 Kuwait	Asia
A/Kyrgyzstan/49/2015	EPI_ISL_216263	 Kyrgyzstan	Asia
A/Laos/0053/2017	EPI_ISL_269931	Lao	Asia
A/Laos/0160/2016	EPI_ISL_223275	Lao	Asia
A/Laos/0176/2017	EPI_ISL_269927	Lao	Asia
A/Laos/0213/2017	EPI_ISL_269959	Lao	Asia
A/Laos/1106/2018	EPI_ISL_354315	Lao	Asia
A/Laos/1187/2014	EPI_ISL_188724	Lao	Asia
A/Laos/1335/2017	EPI_ISL_284085	Lao	Asia
A/Laos/1532/2017	EPI_ISL_284088	Lao	Asia
A/Laos/1698/2018	EPI_ISL_363632	Lao	Asia
A/Laos/1933/2018	EPI_ISL_363634	Lao	Asia
A/Laos/1956/2018	EPI_ISL_363636	Lao	Asia
A/Laos/2069/2018	EPI_ISL_354347	Lao	Asia
A/Laos/2246/2018	EPI_ISL_354348	Lao	Asia
A/Laos/225/2015	EPI_ISL_194927	Lao	Asia
A/Laos/226/2015	EPI_ISL_194937	Lao	Asia
A/Laos/2444/2018	EPI_ISL_364138	Lao	Asia
A/Laos/2581/2018	EPI_ISL_364102	Lao	Asia
A/Laos/2669/2018	EPI_ISL_364133	Lao	Asia
A/Laos/3129/2016	EPI_ISL_240257	Lao	Asia
A/Laos/3299/2018	EPI_ISL_368150	Lao	Asia
A/Laos/3311/2018	EPI_ISL_368151	Lao	Asia
A/Laos/3389/2018	EPI_ISL_368155	Lao	Asia
A/Laos/3416/2018	EPI_ISL_368148	Lao	Asia
A/Laos/3618/2018	EPI_ISL_365941	Lao	Asia
A/Laos/3711/2016	EPI_ISL_248199	Lao	Asia
A/Laos/3795/2017	EPI_ISL_296058	Lao	Asia
A/Laos/4277/2016	EPI_ISL_269924	Lao	Asia
A/Laos/4378/2016	EPI_ISL_269939	Lao	Asia
A/Laos/828/2013	EPI_ISL_159354	Lao	Asia
A/Laos/887/2013	EPI_ISL_159533	Lao	Asia
A/Laos/951/2014	EPI_ISL_172649	Lao	Asia
A/Laos/F2126/2016	EPI_ISL_235169	Lao	Asia
A/Laos/F2843/2016	EPI_ISL_239100	Lao	Asia
A/Laos/JP1252/2009	EPI_ISL_64526	Lao	Asia
A/Lebanon/14L61/2014	EPI_ISL_176844	 Lebanon	Asia
A/Lebanon/14L62/2014	EPI_ISL_176845	 Lebanon	Asia
A/Lebanon/14L66/2014	EPI_ISL_176846	 Lebanon	Asia
A/MACAU/610158/2014	EPI_ISL_166170	 Macao	Asia
A/Malaysia/09707/2015	EPI_ISL_209060	 Malaysia 	Asia
A/Maldives/1499/2017	EPI_ISL_298530	 Maldives	Asia
A/Maldives/443/2018	EPI_ISL_330841	 Maldives	Asia
A/Mongolia/JP5699/2009	EPI_ISL_64539	 Mongolia	Asia
A/Myanmar/13M310/2013	EPI_ISL_172193	 Myanmar	Asia
A/Myanmar/14M003/2014	EPI_ISL_173309	 Myanmar 	Asia
A/Myanmar/14M072/2014	EPI_ISL_173310	 Myanmar 	Asia
A/Myanmar/14M272/2014	EPI_ISL_173349	 Myanmar	Asia
A/Myanmar/14M379/2014	EPI_ISL_173350	 Myanmar	Asia
A/Myanmar/14M445/2014	EPI_ISL_173351	 Myanmar	Asia
A/Myanmar/JP101/2009	EPI_ISL_61236	 Myanmar	Asia
A/Myanmer/14M194/2014	EPI_ISL_173347	 Myanmar	Asia
A/Nagasaki/13N057/2014	EPI_ISL_173294	 Japan 	Asia
A/Nakhonratchasima/217/2017	EPI_ISL_303172	 Thailand	Asia
A/Nanjing/1/2009	EPI_ISL_61272	 China	Asia
A/Nanjing/1/2010	EPI_ISL_76848	 China	Asia
A/NARA/39/2017	EPI_ISL_306505	 Japan	Asia
A/Neimenggu-Helingeer/SWL1314/2015_E3	EPI_ISL_334444	 China 	Asia
A/Nepal/2450/2015	EPI_ISL_212528	 Nepal	Asia
A/Nepal/3381/2015	EPI_ISL_206995	 Nepal	Asia
A/Nepal/3384/2015	EPI_ISL_207937	 Nepal	Asia
A/Nepal/3431/2015	EPI_ISL_206996	 Nepal	Asia
A/Nepal/426/2009	EPI_ISL_63241	 Nepal	Asia
A/Nepal/810/2015	EPI_ISL_236233	 Nepal	Asia
A/NIIGATA/805/2009	EPI_ISL_64548	 Japan	Asia
A/Nong Khai/288/2018	EPI_ISL_339868	 Thailand	Asia
A/Nonthaburi/214/2017	EPI_ISL_303173	 Thailand	Asia
A/Nonthaburi/2398/2014	EPI_ISL_172646	 Thailand	Asia
A/NONTHABURI/248/2014	EPI_ISL_166017	 Thailand 	Asia
A/Nonthaburi/375/2014	EPI_ISL_172652	 Thailand	Asia
A/Nonthaburi/393/2015	EPI_ISL_213158	 Thailand	Asia
A/Nonthaburi/52/2015	EPI_ISL_195802	 Thailand	Asia
A/Oman/1968/2018	EPI_ISL_311517	 Oman	Asia
A/Oman/959/2018	EPI_ISL_312951	 Oman	Asia
A/Osaka/33/2013	EPI_ISL_393948	 Japan	Asia
A/Osaka/488/2009	EPI_ISL_393908	 Japan	Asia
A/Osaka/83/2011	EPI_ISL_393947	 Japan	Asia
A/Osaka/UT-A01/2013	EPI_ISL_393910	 Japan 	Asia
A/Pakistan/741/2018	EPI_ISL_302842	 Pakistan	Asia
A/Philippines/0937/2017	EPI_ISL_291521	 Philippines	Asia
A/Philippines/212/2017	EPI_ISL_273800	 Philippines	Asia
A/Philippines/27/2017	EPI_ISL_312594	 Philippines 	Asia
A/PRACHUAP KHIRI KHAN/332/2013	EPI_ISL_161861	 Thailand 	Asia
A/Prachuapkhirikhan/334/2016	EPI_ISL_248958	 Thailand	Asia
A/SAGA/155/2015	EPI_ISL_211976	 Japan	Asia
A/SAITAMA-C/29/2009	EPI_ISL_64559	 Japan	Asia
A/SAITAMA-C/45/2014	EPI_ISL_174820	 Japan	Asia
A/SAITAMA-C/9/2016	EPI_ISL_214347	 Japan	Asia
A/SAITAMA/104/2016	EPI_ISL_240024	 Japan	Asia
A/SAKAI/25/2018	EPI_ISL_315206	 Japan	Asia
A/SAPPORO/114/2013	EPI_ISL_152927	 Japan	Asia
A/SAPPORO/TH1/2013	EPI_ISL_152931	 Japan 	Asia
A/Shaanxi-Beilin/SWL134/2010	EPI_ISL_75086	 China 	Asia
A/Shandong-Zhifu/SWL1200/2011	EPI_ISL_94632	 China 	Asia
A/Shanghai-Baoshan/SWL1989/2015_E1	EPI_ISL_334448	 China 	Asia
A/Shanghai-Huangpu/SWL12017/2015_E2	EPI_ISL_334460	 China 	Asia
A/Shanghai-Jingan/SWL1230/2011	EPI_ISL_94580	 China 	Asia
A/Shanghai-Luwan/SWL1354/2010_C2	EPI_ISL_334475	 China 	Asia
A/Shanghai-Putuo/SWL1860/2015_E3	EPI_ISL_334464	 China 	Asia
A/SHIZUOKA-C/99/2013	EPI_ISL_145539	 Japan	Asia
A/Sichuan-Chuanshan/SWL118/2011	EPI_ISL_94578	 China 	Asia
A/Sichuan-Jinniu/SWL446/2009	EPI_ISL_74648	 China 	Asia
A/Sichuan-Wuhou/SWL4391/2009	EPI_ISL_74649	 China 	Asia
A/SINGAPORE/12/2012	EPI_ISL_128691	 Singapore	Asia
A/Singapore/640/2010	EPI_ISL_90587	 Singapore	Asia
A/Singapore/EN555/2013	EPI_ISL_166901	 Singapore	Asia
A/Singapore/GP0291/2017	EPI_ISL_269638	 Singapore	Asia
A/Singapore/GP0597/2018	EPI_ISL_321720	 Singapore	Asia
A/Singapore/GP1338/2017	EPI_ISL_281330	 Singapore	Asia
A/Singapore/INFEN-16-0085/2016	EPI_ISL_226994	 Singapore	Asia
A/Singapore/INFMOH-16-0037/2016	EPI_ISL_227017	 Singapore	Asia
A/Singapore/INFMOH-16-0058/2016	EPI_ISL_227041	 Singapore	Asia
A/Singapore/INFMOH-16-0063/2016	EPI_ISL_227045	 Singapore	Asia
A/Singapore/INFTT-16-0203/2016	EPI_ISL_226991	 Singapore	Asia
A/Singapore/INFTT-16-0425/2016	EPI_ISL_227009	 Singapore	Asia
A/Singapore/KK0353/2018	EPI_ISL_321746	 Singapore	Asia
A/Singapore/KK0385/2018	EPI_ISL_321748	 Singapore	Asia
A/Singapore/KK0398/2017	EPI_ISL_269614	 Singapore	Asia
A/Singapore/KK0652/2017	EPI_ISL_269624	 Singapore	Asia
A/Singapore/KK066/2010	EPI_ISL_75740	 Singapore	Asia
A/Singapore/KK0823/2017	EPI_ISL_281329	 Singapore	Asia
A/Singapore/KK0834/2017	EPI_ISL_281339	 Singapore	Asia
A/Singapore/KK0958/2017	EPI_ISL_281340	 Singapore	Asia
A/Singapore/KK1064/2013	EPI_ISL_166896	 Singapore	Asia
A/Singapore/KK1067/2013	EPI_ISL_166897	 Singapore	Asia
A/Singapore/KK1073/2013	EPI_ISL_166898	 Singapore	Asia
A/Singapore/KK1332/2017	EPI_ISL_292425	 Singapore	Asia
A/Singapore/MOH0112/2017	EPI_ISL_269648	 Singapore	Asia
A/Singapore/MOH0114/2017	EPI_ISL_269650	 Singapore	Asia
A/Singapore/SGH0154/2017	EPI_ISL_269611	 Singapore	Asia
A/Singapore/SGH0680/2017	EPI_ISL_281328	 Singapore	Asia
A/Singapore/SGH0772/2016	EPI_ISL_240824	 Singapore	Asia
A/Singapore/TT0093/2018	EPI_ISL_321700	 Singapore	Asia
A/Singapore/TT0169/2017	EPI_ISL_254671	 Singapore	Asia
A/Singapore/TT0689/2017	EPI_ISL_269659	 Singapore	Asia
A/Singapore/TT1061/2013	EPI_ISL_166900	 Singapore	Asia
A/Singapore/TT950/2013	EPI_ISL_166899	 Singapore	Asia
A/SONG KHLA/40/2012	EPI_ISL_122585	 Thailand	Asia
A/SONG KHLA/416/2012	EPI_ISL_141555	 Thailand	Asia
A/SRI LANKA/30/2013	EPI_ISL_148748	 Sri Lanka	Asia
A/SRI LANKA/31/2014	EPI_ISL_166024	 Sri Lanka	Asia
A/SRI LANKA/61/2013	EPI_ISL_161866	 Sri Lanka	Asia
A/Taipei/WR0195T/2009	EPI_ISL_78804	 Taiwan	Asia
A/Taiwan/1/2016	EPI_ISL_211983	 Taiwan	Asia
A/Taiwan/1018/2011	EPI_ISL_101903	 Taiwan	Asia
A/Taiwan/1102/2011	EPI_ISL_101908	 Taiwan	Asia
A/Taiwan/1164/2010	EPI_ISL_101898	 Taiwan	Asia
A/Taiwan/156/2009	EPI_ISL_65720	 Taiwan	Asia
A/Taiwan/1749/2011	EPI_ISL_101910	 Taiwan	Asia
A/Taiwan/2883/2011	EPI_ISL_101911	 Taiwan	Asia
A/Taiwan/3697/2011	EPI_ISL_101912	 Taiwan	Asia
A/Taiwan/3994/2010	EPI_ISL_101899	 Taiwan	Asia
A/Taiwan/4501/2011	EPI_ISL_101902	 Taiwan	Asia
A/Taiwan/4611/2011	EPI_ISL_101913	 Taiwan	Asia
A/Taiwan/5270/2010	EPI_ISL_101900	 Taiwan	Asia
A/Taiwan/5506/2011	EPI_ISL_101905	 Taiwan	Asia
A/Taiwan/552/2011	EPI_ISL_101907	 Taiwan	Asia
A/Taiwan/609/2014	EPI_ISL_172625	 Taiwan	Asia
A/Taiwan/612/2014	EPI_ISL_172628	 Taiwan	Asia
A/Taiwan/67/2011	EPI_ISL_101906	 Taiwan	Asia
A/Taiwan/842/2010	EPI_ISL_101901	 Taiwan	Asia
A/Taiwan/T1338/2009	EPI_ISL_33942	 Taiwan 	Asia
A/Thailand/CU-H9/2009	EPI_ISL_61515	 Thailand	Asia
A/Tianjin/SWL2/2009	EPI_ISL_73556	 China 	Asia
A/Tochigi/10/2010	EPI_ISL_123267	 Japan 	Asia
A/Tochigi/2/2010	EPI_ISL_123266	 Japan 	Asia
A/Tochigi/350/2009	EPI_ISL_123264	 Japan 	Asia
A/TOKYO/17259/2017	EPI_ISL_285927	 Japan	Asia
A/Ulaanbaatar/1470/2018	EPI_ISL_320184	 Mongolia	Asia
A/Ulaanbaatar/3494/2016	EPI_ISL_257711	 Mongolia	Asia
A/Ulaanbaatar/5974/2009	EPI_ISL_65035	 Mongolia	Asia
A/Ulsan/53/2015	EPI_ISL_192062	 Korea	Asia
A/Vietnam/0125/2015	EPI_ISL_210348	 Vietnam	Asia
A/Vietnam/13V H1-1/2013	EPI_ISL_173295	 Vietnam	Asia
A/Vietnam/13V H1-4/2013	EPI_ISL_173296	 Vietnam	Asia
A/Vietnam/13V H1-5/2013	EPI_ISL_173297	 Vietnam	Asia
A/Vietnam/13V H1-6/2013	EPI_ISL_173298	 Vietnam	Asia
A/Vietnam/3050/2013	EPI_ISL_189818	 Vietnam	Asia
A/Vietnam/6040/2016	EPI_ISL_259851	 Vietnam	Asia
A/Vietnam/GHS741/2017	EPI_ISL_292682	 Vietnam	Asia
A/Xizang/SWL2/2009	EPI_ISL_73587	 China 	Asia
A/YAMAGATA/158/2013	EPI_ISL_154136	 Japan	Asia
A/YAMAGUCHI/12/2017	EPI_ISL_257916	 Japan	Asia
A/YAMANASHI/14332/2014	EPI_ISL_191443	 Japan	Asia
A/YOKOHAMA/1017/2009	EPI_ISL_64581	 Japan	Asia
A/YOKOHAMA/111/2016	EPI_ISL_217930	 Japan	Asia
A/YOKOHAMA/62/2016	EPI_ISL_217925	 Japan	Asia
A/YOKOHAMA/98/2016	EPI_ISL_215598	 Japan	Asia
A/Yokohama/UT-K101/2012	EPI_ISL_393909	 Japan	Asia
A/Zhejiang-Haishu/SWL1289/2010	EPI_ISL_75087	 China 	Asia
A/Zhejiang/SWL throat swab4/2011	EPI_ISL_94631	 China 	Asia
A/Zhejiang/X2/2009	EPI_ISL_102043	 China	Asia
A/Aarhus/INS240/2009	EPI_ISL_76860	 Denmark	Europe 
A/Albania/6485/2016	EPI_ISL_224273	 Albania	Europe 
A/Arkhangelsk/11/2018	EPI_ISL_322394	 Russian Federation 	Europe 
A/Astrakhan/12/2018	EPI_ISL_313578	 Russian Federation	Europe 
A/Astrakhan/CRIE-7/2014	EPI_ISL_166442	 Russian Federation 	Europe 
A/Athens/INS123/2009	EPI_ISL_75093	 Greece	Europe 
A/Athens/INS124/2009	EPI_ISL_75094	 Greece	Europe 
A/Athens/INS153/2009	EPI_ISL_75341	 Greece	Europe 
A/Athens/INS156/2009	EPI_ISL_75098	 Greece	Europe 
A/Athens/INS162/2009	EPI_ISL_75103	 Greece	Europe 
A/Athens/INS165/2009	EPI_ISL_75106	 Greece	Europe 
A/Athens/INS276/2009	EPI_ISL_76880	 Greece	Europe 
A/Athens/INS389/2010	EPI_ISL_78733	 Greece 	Europe 
A/Athens/INS390/2010	EPI_ISL_78734	 Greece 	Europe 
A/Athens/INS391/2010	EPI_ISL_78735	 Greece 	Europe 
A/Athens/INS394/2010	EPI_ISL_78736	 Greece 	Europe 
A/Athens/INS396/2010	EPI_ISL_78737	 Greece 	Europe 
A/Athens/INS397/2010	EPI_ISL_78738	 Greece 	Europe 
A/Athens/INS398/2010	EPI_ISL_78739	 Greece 	Europe 
A/Athens/INS411/2010	EPI_ISL_78740	 Greece 	Europe 
A/Athens/INS412/2010	EPI_ISL_78741	 Greece 	Europe 
A/Athens/INS413/2010	EPI_ISL_78742	 Greece 	Europe 
A/Athens/INS414/2010	EPI_ISL_78743	 Greece 	Europe 
A/Athens/INS417/2010	EPI_ISL_78744	 Greece 	Europe 
A/Athens/INS419/2010	EPI_ISL_78745	 Greece 	Europe 
A/Athens/INS420/2010	EPI_ISL_78746	 Greece 	Europe 
A/Athens/INS421/2010	EPI_ISL_78747	 Greece 	Europe 
A/Bari/77/2016	EPI_ISL_224202	 Italy 	Europe 
A/Belgorod/01/2009	EPI_ISL_70269	 Russian Federation	Europe 
A/Berlin/INS430/2010	EPI_ISL_78754	 Germany 	Europe 
A/Bonn/INS178/2010	EPI_ISL_75113	 Germany 	Europe 
A/Bonn/INS280/2009	EPI_ISL_76883	 Germany 	Europe 
A/Bourgogne/1774/2017	EPI_ISL_290228	 France 	Europe 
A/Bourgogne/344/2018	EPI_ISL_305387	 France 	Europe 
A/Bretagne/1580/2018	EPI_ISL_311462	 France 	Europe 
A/Bretagne/1593/2017	EPI_ISL_290210	 France 	Europe 
A/Bretagne/1939/2017	EPI_ISL_293037	 France 	Europe 
A/Brussels/INS206/2009	EPI_ISL_76885	 Belgium	Europe 
A/Bulgaria/010/2016	EPI_ISL_208463	 Bulgaria	Europe 
A/Cardiff/5622/2018	EPI_ISL_334056	 United Kingdom 	Europe 
A/Centre/1920/2017	EPI_ISL_293035	 France 	Europe 
A/Centre/283/2016	EPI_ISL_216320	 France 	Europe 
A/Champagne_Ardenne/1204/2018	EPI_ISL_306575	 France 	Europe 
A/Champagne_Ardenne/1773/2017	EPI_ISL_290227	 France 	Europe 
A/Champagne_Ardenne/2562/2015	EPI_ISL_216460	 France 	Europe 
A/Champagne_Ardenne/2591/2018	EPI_ISL_335324	 France 	Europe 
A/Champagne_Ardenne/350/2016	EPI_ISL_216323	 France 	Europe 
A/Cheboksary/IIV-92/2011	EPI_ISL_97359	 Russian Federation	Europe 
A/Cwmbran/4014/2018	EPI_ISL_333638	 United Kingdom 	Europe 
A/Czech Republic/1/2011	EPI_ISL_89373	 Czech Republic	Europe 
A/Czech Republic/111/2011	EPI_ISL_108485	 Czech Republic	Europe 
A/Czech Republic/112/2011	EPI_ISL_108500	 Czech Republic	Europe 
A/Denmark/59/2018	EPI_ISL_302067	 Denmark	Europe 
A/Dijon/661/2018	EPI_ISL_305474	 France 	Europe 
A/Dnipropetrovsk/437/2015	EPI_ISL_192045	 Ukraine	Europe 
A/Ekaterinburg/RII12/2016	EPI_ISL_233974	 Russian Federation 	Europe 
A/England/129/2014	EPI_ISL_202968	 United Kingdom 	Europe 
A/England/13/2014	EPI_ISL_202961	 United Kingdom 	Europe 
A/England/130/2018	EPI_ISL_303399	 United Kingdom 	Europe 
A/England/138/2017	EPI_ISL_292258	 United Kingdom 	Europe 
A/England/14/2014	EPI_ISL_202963	 United Kingdom 	Europe 
A/England/150/2015	EPI_ISL_212222	 United Kingdom 	Europe 
A/England/178/2014	EPI_ISL_202970	 United Kingdom 	Europe 
A/England/20/2014	EPI_ISL_202964	 United Kingdom 	Europe 
A/England/20/2017	EPI_ISL_270587	 United Kingdom 	Europe 
A/England/204/2009	EPI_ISL_101312	 United Kingdom 	Europe 
A/England/220/2009	EPI_ISL_32516	 United Kingdom 	Europe 
A/England/233/2016	EPI_ISL_241169	 United Kingdom 	Europe 
A/England/240/2016	EPI_ISL_241174	 United Kingdom 	Europe 
A/England/254/2009	EPI_ISL_101382	 United Kingdom 	Europe 
A/England/256/2009	EPI_ISL_101384	 United Kingdom	Europe 
A/England/305/2016	EPI_ISL_241192	 United Kingdom 	Europe 
A/England/328/2009	EPI_ISL_93045	 United Kingdom	Europe 
A/England/334/2016	EPI_ISL_241201	 United Kingdom 	Europe 
A/England/344/2015	EPI_ISL_212224	 United Kingdom 	Europe 
A/England/34520778/2013	EPI_ISL_202954	 United Kingdom 	Europe 
A/England/34700586/2013	EPI_ISL_202956	 United Kingdom 	Europe 
A/England/353/2015	EPI_ISL_203378	 United Kingdom 	Europe 
A/England/354/2014	EPI_ISL_212270	 United Kingdom 	Europe 
A/England/354/2015	EPI_ISL_212228	 United Kingdom 	Europe 
A/England/357/2015	EPI_ISL_203381	 United Kingdom 	Europe 
A/England/365/2009	EPI_ISL_93060	 United Kingdom	Europe 
A/England/376/2015	EPI_ISL_212236	 United Kingdom 	Europe 
A/England/394/2014	EPI_ISL_202975	 United Kingdom 	Europe 
A/England/40380620/2014	EPI_ISL_202965	 United Kingdom 	Europe 
A/England/40800135/2014	EPI_ISL_202969	 United Kingdom 	Europe 
A/England/414/2009	EPI_ISL_101473	 United Kingdom 	Europe 
A/England/41420345/2014	EPI_ISL_202977	 United Kingdom 	Europe 
A/England/41420346/2014	EPI_ISL_202978	 United Kingdom 	Europe 
A/England/41420347/2014	EPI_ISL_202979	 United Kingdom 	Europe 
A/England/41420351/2014	EPI_ISL_202982	 United Kingdom 	Europe 
A/England/41420353/2014	EPI_ISL_202983	 United Kingdom 	Europe 
A/England/41420354/2014	EPI_ISL_202984	 United Kingdom 	Europe 
A/England/41420356/2014	EPI_ISL_202986	 United Kingdom 	Europe 
A/England/41420359/2014	EPI_ISL_202988	 United Kingdom 	Europe 
A/England/41420361/2014	EPI_ISL_202989	 United Kingdom 	Europe 
A/England/416/2009	EPI_ISL_93077	 United Kingdom	Europe 
A/England/417/2015	EPI_ISL_240945	 United Kingdom 	Europe 
A/England/41780007/2014	EPI_ISL_202991	 United Kingdom 	Europe 
A/England/422/2015	EPI_ISL_240950	 United Kingdom 	Europe 
A/England/427/2015	EPI_ISL_240958	 United Kingdom 	Europe 
A/England/439/2014	EPI_ISL_212217	 United Kingdom 	Europe 
A/England/472/2016	EPI_ISL_241152	 United Kingdom 	Europe 
A/England/476/2014	EPI_ISL_202976	 United Kingdom 	Europe 
A/England/527/2009	EPI_ISL_129378	 United Kingdom	Europe 
A/England/55060222/2015	EPI_ISL_240932	 United Kingdom 	Europe 
A/England/55120205/2015	EPI_ISL_240936	 United Kingdom 	Europe 
A/England/55240293/2015	EPI_ISL_212245	 United Kingdom 	Europe 
A/England/55240295/2015	EPI_ISL_212246	 United Kingdom 	Europe 
A/England/55340398/2015	EPI_ISL_240946	 United Kingdom 	Europe 
A/England/6/2014	EPI_ISL_202960	 United Kingdom 	Europe 
A/England/60180752/2016	EPI_ISL_212258	 United Kingdom 	Europe 
A/England/60620149/2016	EPI_ISL_241218	 United Kingdom 	Europe 
A/England/60880101/2016	EPI_ISL_241406	 United Kingdom 	Europe 
A/England/61240082/2016	EPI_ISL_241279	 United Kingdom 	Europe 
A/England/621/2013	EPI_ISL_202953	 United Kingdom 	Europe 
A/England/624/2013	EPI_ISL_202955	 United Kingdom 	Europe 
A/England/649/2016	EPI_ISL_241454	 United Kingdom 	Europe 
A/England/660/2013	EPI_ISL_202957	 United Kingdom 	Europe 
A/England/665/2013	EPI_ISL_202958	 United Kingdom 	Europe 
A/England/673/2013	EPI_ISL_202959	 United Kingdom 	Europe 
A/England/68/2014	EPI_ISL_202967	 United Kingdom 	Europe 
A/England/684/2013	EPI_ISL_241200	 United Kingdom 	Europe 
A/England/689/2016	EPI_ISL_241493	 United Kingdom 	Europe 
A/England/69/2017	EPI_ISL_286851	 United Kingdom 	Europe 
A/England/691/2016	EPI_ISL_241250	 United Kingdom 	Europe 
A/England/699/2018	EPI_ISL_338421	 United Kingdom 	Europe 
A/England/706/2018	EPI_ISL_341232	 United Kingdom 	Europe 
A/England/708/2016	EPI_ISL_241269	 United Kingdom 	Europe 
A/England/71000568/2017	EPI_ISL_270593	 United Kingdom 	Europe 
A/England/718/2018	EPI_ISL_338414	 United Kingdom 	Europe 
A/England/73020505/2017	EPI_ISL_286824	 United Kingdom 	Europe 
A/England/731/2018	EPI_ISL_351379	 United Kingdom 	Europe 
A/England/74020463/2017	EPI_ISL_286850	 United Kingdom 	Europe 
A/England/74640396/2017	EPI_ISL_291005	 United Kingdom 	Europe 
A/England/74700487/2017	EPI_ISL_291013	 United Kingdom 	Europe 
A/England/74800531/2017	EPI_ISL_291024	 United Kingdom 	Europe 
A/England/74860301/2017	EPI_ISL_291030	 United Kingdom 	Europe 
A/England/75/2017	EPI_ISL_291012	 United Kingdom 	Europe 
A/England/75020493/2017	EPI_ISL_292245	 United Kingdom 	Europe 
A/England/75260793/2017	EPI_ISL_292281	 United Kingdom 	Europe 
A/England/76/2017	EPI_ISL_291014	 United Kingdom 	Europe 
A/England/766/2009	EPI_ISL_93106	 United Kingdom	Europe 
A/England/80/2017	EPI_ISL_291039	 United Kingdom 	Europe 
A/England/80420876/2018	EPI_ISL_303337	 United Kingdom 	Europe 
A/England/88/2016	EPI_ISL_241126	 United Kingdom 	Europe 
A/England/902/2009	EPI_ISL_93098	 United Kingdom	Europe 
A/England/941/2009	EPI_ISL_93109	 United Kingdom	Europe 
A/England/H093900113/2009	EPI_ISL_93113	 United Kingdom	Europe 
A/England/H094220579/2009	EPI_ISL_93103	 United Kingdom	Europe 
A/England/XFL00364/2009	EPI_ISL_129388	 United Kingdom	Europe 
A/England/XFL00482/2009	EPI_ISL_101403	 United Kingdom 	Europe 
A/Frankfurt/INS402/2010	EPI_ISL_78760	 Germany 	Europe 
A/Frankfurt/INS403/2010	EPI_ISL_78761	 Germany 	Europe 
A/Gavle/2/2014	EPI_ISL_156997	 Sweden 	Europe 
A/Gavle/3/2014	EPI_ISL_156998	 Sweden 	Europe 
A/Germany/40/2014	EPI_ISL_173260	 Germany	Europe 
A/Germany/51/2014	EPI_ISL_173272	 Germany	Europe 
A/Halmstad/1/2013	EPI_ISL_150118	 Sweden 	Europe 
A/Halmstad/4/2017	EPI_ISL_291396	 Sweden 	Europe 
A/Haute_Normandie/1859/2017	EPI_ISL_294127	 France 	Europe 
A/Haute_Normandie/1945/2017	EPI_ISL_293038	 France 	Europe 
A/Haute_Normandie/2000/2017	EPI_ISL_297439	 France 	Europe 
A/Haute_Normandie/973/2018	EPI_ISL_305399	 France 	Europe 
A/IIV-Moscow/155/2015	EPI_ISL_207504	 Russian Federation 	Europe 
A/IIV-Moscow/168/2015	EPI_ISL_207513	 Russian Federation 	Europe 
A/IIV-Moscow/178/2015	EPI_ISL_207520	 Russian Federation 	Europe 
A/IIV-Moscow/181/2015	EPI_ISL_207522	 Russian Federation 	Europe 
A/IIV-Moscow/183/2015	EPI_ISL_207524	 Russian Federation 	Europe 
A/IIV-Moscow/185/2015	EPI_ISL_207525	 Russian Federation 	Europe 
A/IIV-Moscow/202/2015	EPI_ISL_207538	 Russian Federation 	Europe 
A/Joshkar-Ola/CRIE-BLP/2011	EPI_ISL_97441	 Russian Federation	Europe 
A/Karasuk/01/2010	EPI_ISL_68134	 Russian Federation	Europe 
A/Kazan/CRIE-02/2013	EPI_ISL_156274	 Russian Federation	Europe 
A/Kazan/CRIE-04/2013	EPI_ISL_156278	 Russian Federation	Europe 
A/Kemerovo/RII-3915S/2018	EPI_ISL_322346	 Russian Federation 	Europe 
A/Khabarovsk/49/2018	EPI_ISL_337114	 Russian Federation 	Europe 
A/Krasnodar/421/2017	EPI_ISL_331308	 Russian Federation 	Europe 
A/Lisbon/137/2013	EPI_ISL_156806	 Portugal	Europe 
A/Llanelli/0228/2018	EPI_ISL_331248	 United Kingdom 	Europe 
A/Llanelli/9467/2018	EPI_ISL_331389	 United Kingdom 	Europe 
A/Lund/4/2018	EPI_ISL_302831	 Sweden 	Europe 
A/Macedonia/283/2018	EPI_ISL_309507	 Macedonia	Europe 
A/Madrid/INS113/2009	EPI_ISL_75138	 Spain	Europe 
A/Madrid/INS131/2009	EPI_ISL_75140	 Spain	Europe 
A/Madrid/INS222/2009	EPI_ISL_76897	 Spain 	Europe 
A/Malmoe/1/2014	EPI_ISL_155009	 Sweden 	Europe 
A/Moscow/107/2015	EPI_ISL_193300	 Russian Federation	Europe 
A/Moscow/238/2015	EPI_ISL_216272	 Russian Federation	Europe 
A/Moscow/240/2015	EPI_ISL_216274	 Russian Federation	Europe 
A/Moscow/243/2015	EPI_ISL_216277	 Russian Federation	Europe 
A/Moscow/IIV-33/2010	EPI_ISL_86197	 Russian Federation	Europe 
A/Moscow/IIV-45/2012	EPI_ISL_127690	 Russian Federation	Europe 
A/Moscow/IIV-83/2011	EPI_ISL_93345	 Russian Federation	Europe 
A/Moscow/IIV03/2009	EPI_ISL_31497	 Russian Federation 	Europe 
A/Moscow/RII-779S/2018	EPI_ISL_297764	 Russian Federation 	Europe 
A/Moscow/WR1866N/2009	EPI_ISL_78851	 Russian Federation 	Europe 
A/Mykop/2353/2018	EPI_ISL_330782	 Russian Federation 	Europe 
A/Netherlands/2243/2009	EPI_ISL_76464	 Netherlands	Europe 
A/Netherlands/2442b/2009	EPI_ISL_76466	 Netherlands	Europe 
A/Netherlands/3523/2017	EPI_ISL_291992	 Netherlands	Europe 
A/Netherlands/3792/2016	EPI_ISL_241361	 Netherlands	Europe 
A/Nizhnii Novgorod/CRIE-BLM/2011	EPI_ISL_97440	 Russian Federation	Europe 
A/Nizhnii Novgorod/CRIE-NGV/2010	EPI_ISL_97439	 Russian Federation	Europe 
A/Nord_Pas_de_Calais/1473/2018	EPI_ISL_306578	 France 	Europe 
A/Nord_Pas_de_Calais/250/2016	EPI_ISL_216319	 France 	Europe 
A/Nord_Pas_de_Calais/526/2018	EPI_ISL_302312	 France 	Europe 
A/Novosibirsk/02/2009	EPI_ISL_66840	 Russian Federation	Europe 
A/Novosibirsk/KSH/2011	EPI_ISL_102003	 Russian Federation	Europe 
A/Odessa/166/2017	EPI_ISL_268428	 Ukraine	Europe 
A/Odessa/65/2016	EPI_ISL_216205	 Ukraine	Europe 
A/Odessa/692/2016	EPI_ISL_230458	 Ukraine	Europe 
A/Orenburg/IIV-13/2010	EPI_ISL_73804	 Russian Federation 	Europe 
A/Paris/1229/2017	EPI_ISL_266852	 France 	Europe 
A/Paris/1284/2016	EPI_ISL_218989	 France 	Europe 
A/Paris/1529/2017	EPI_ISL_291153	 France 	Europe 
A/Paris/1576/2016	EPI_ISL_218974	 France 	Europe 
A/Paris/1578/2017	EPI_ISL_290208	 France 	Europe 
A/Paris/1585/2017	EPI_ISL_290209	 France 	Europe 
A/Paris/1700/2017	EPI_ISL_290219	 France 	Europe 
A/Paris/1725/2017	EPI_ISL_294126	 France 	Europe 
A/Paris/181/2016	EPI_ISL_216316	 France 	Europe 
A/Paris/2057/2016	EPI_ISL_221806	 France 	Europe 
A/Paris/234/2016	EPI_ISL_216318	 France 	Europe 
A/Paris/2584/2016	EPI_ISL_233385	 France 	Europe 
A/Paris/2588/2016	EPI_ISL_233388	 France 	Europe 
A/Paris/2591/2009	EPI_ISL_30754	 France 	Europe 
A/Paris/388/2016	EPI_ISL_216324	 France 	Europe 
A/Pays_de_Loire/1184/2018	EPI_ISL_305483	 France 	Europe 
A/Pays_de_Loire/1614/2018	EPI_ISL_311463	 France 	Europe 
A/Pays_de_Loire/482/2018	EPI_ISL_302309	 France 	Europe 
A/Pays_de_Loire/490/2018	EPI_ISL_297458	 France 	Europe 
A/Penarth/6242/2018	EPI_ISL_331351	 United Kingdom 	Europe 
A/Picardie/1225/2018	EPI_ISL_305485	 France 	Europe 
A/Picardie/796/2016	EPI_ISL_218733	 France 	Europe 
A/Pontyclun/1660/2018	EPI_ISL_333208	 United Kingdom 	Europe 
A/Rostov-on-Don/3171/2017	EPI_ISL_290990	 Russian Federation 	Europe 
A/Rostov-On-Don/3171/2017	EPI_ISL_314522	 Russian Federation	Europe 
A/Rostov-on-Don/3196/2017	EPI_ISL_282528	 Russian Federation 	Europe 
A/Russia/4/2009	EPI_ISL_67085	 Russian Federation	Europe 
A/Saint-Petersburg/RII-334S/2018	EPI_ISL_337128	 Russian Federation 	Europe 
A/Saint-Petersburg/RII1530M/2016	EPI_ISL_234005	 Russian Federation 	Europe 
A/Saint-Petersburg/RII48/2016	EPI_ISL_234023	 Russian Federation 	Europe 
A/Saint-Petersburg/RII579S/2015	EPI_ISL_207557	 Russian Federation 	Europe 
A/Scotland/10/2009	EPI_ISL_101649	 United Kingdom 	Europe 
A/Skovde/4/2017	EPI_ISL_285987	 Sweden 	Europe 
A/St Petersburg/1/2015	EPI_ISL_218153	 Russian Federation	Europe 
A/St Petersburg/350/2015	EPI_ISL_218152	 Russian Federation	Europe 
A/St Petersburg/46/2015	EPI_ISL_192117	 Russian Federation	Europe 
A/St Petersburg/61/2015	EPI_ISL_192115	 Russian Federation	Europe 
A/St Petersburg/RII-477/2018	EPI_ISL_330040	 Russian Federation	Europe 
A/St Petersburg/RII-563/2018	EPI_ISL_346015	 Russian Federation	Europe 
A/St. Petersburg/100/2011	EPI_ISL_89916	 Russian Federation	Europe 
A/St. Petersburg/151/2013	EPI_ISL_140999	 Russian Federation	Europe 
A/St. Petersburg/204/2010	EPI_ISL_79365	 Russian Federation	Europe 
A/Stockholm/1/2012	EPI_ISL_149711	 Sweden	Europe 
A/Stockholm/1/2014	EPI_ISL_155649	 Sweden 	Europe 
A/Stockholm/13/2010	EPI_ISL_149710	 Sweden	Europe 
A/Stockholm/21/2015	EPI_ISL_177072	 Sweden 	Europe 
A/Stockholm/23/2015	EPI_ISL_177074	 Sweden 	Europe 
A/Stockholm/25/2013	EPI_ISL_150555	 Sweden 	Europe 
A/Stockholm/26/2013	EPI_ISL_150557	 Sweden 	Europe 
A/Stockholm/3/2014	EPI_ISL_155656	 Sweden 	Europe 
A/Stockholm/32/2013	EPI_ISL_152960	 Sweden 	Europe 
A/Stockholm/35/2013	EPI_ISL_153351	 Sweden 	Europe 
A/Stockholm/36/2016	EPI_ISL_235389	 Sweden 	Europe 
A/Stockholm/37/2013	EPI_ISL_153354	 Sweden 	Europe 
A/Stockholm/41/2017	EPI_ISL_282980	 Sweden 	Europe 
A/Stockholm/48/2015	EPI_ISL_202343	 Sweden 	Europe 
A/Stockholm/51/2015	EPI_ISL_202348	 Sweden 	Europe 
A/Stockholm/67/2015	EPI_ISL_205834	 Sweden 	Europe 
A/Stockholm/9/2014	EPI_ISL_159134	 Sweden 	Europe 
A/Sweden/118/2013	EPI_ISL_149631	 Sweden 	Europe 
A/Sweden/119/2013	EPI_ISL_149632	 Sweden 	Europe 
A/Sweden/120/2013	EPI_ISL_149633	 Sweden 	Europe 
A/Sweden/122/2013	EPI_ISL_149636	 Sweden	Europe 
A/Sweden/123/2013	EPI_ISL_149637	 Sweden	Europe 
A/Sweden/124/2013	EPI_ISL_149638	 Sweden	Europe 
A/Sweden/125/2013	EPI_ISL_149639	 Sweden	Europe 
A/Sweden/126/2013	EPI_ISL_149640	 Sweden	Europe 
A/Sweden/127/2013	EPI_ISL_149641	 Sweden	Europe 
A/Sweden/128/2013	EPI_ISL_149642	 Sweden	Europe 
A/Sweden/129/2013	EPI_ISL_149643	 Sweden	Europe 
A/Sweden/130/2013	EPI_ISL_149644	 Sweden	Europe 
A/Sweden/131/2013	EPI_ISL_149645	 Sweden	Europe 
A/Sweden/132/2013	EPI_ISL_149646	 Sweden	Europe 
A/Sweden/135/2013	EPI_ISL_149649	 Sweden	Europe 
A/Sweden/136/2013	EPI_ISL_149650	 Sweden	Europe 
A/Sweden/17/2016	EPI_ISL_215731	 Sweden 	Europe 
A/Sweden/18/2015	EPI_ISL_177082	 Sweden 	Europe 
A/Sweden/2/2014	EPI_ISL_157004	 Sweden 	Europe 
A/Sweden/31/2012	EPI_ISL_149625	 Sweden	Europe 
A/Sweden/33/2012	EPI_ISL_149627	 Sweden 	Europe 
A/Sweden/34/2012	EPI_ISL_149628	 Sweden 	Europe 
A/Sweden/35/2015	EPI_ISL_202352	 Sweden 	Europe 
A/Sweden/36/2015	EPI_ISL_202353	 Sweden 	Europe 
A/Sweden/46/2018	EPI_ISL_310355	 Sweden 	Europe 
A/Sweden/5/2014	EPI_ISL_157117	 Sweden 	Europe 
A/Sweden/6/2014	EPI_ISL_157119	 Sweden 	Europe 
A/Sweden/74/2014	EPI_ISL_169260	 Sweden 	Europe 
A/Sweden/82/2017	EPI_ISL_292041	 Sweden 	Europe 
A/Sweden/96/2018	EPI_ISL_335548	 Sweden 	Europe 
A/Switzerland/2656/2017	EPI_ISL_315812	 Switzerland	Europe 
A/Tallinn/INS182/2010	EPI_ISL_75152	 Estonia	Europe 
A/Tallinn/INS183/2010	EPI_ISL_75153	 Estonia	Europe 
A/Tallinn/INS372/2009	EPI_ISL_78781	 Estonia	Europe 
A/Tallinn/INS373/2010	EPI_ISL_78782	 Estonia	Europe 
A/Tessenderlo/INS192/2009	EPI_ISL_75160	 Belgium	Europe 
A/Tomsk/IIV-19/2012	EPI_ISL_116258	 Russian Federation	Europe 
A/Tula/11/2018	EPI_ISL_322410	 Russian Federation 	Europe 
A/Tula/CRIE-SIA/2011	EPI_ISL_95840	 Russian Federation	Europe 
A/Tula/RII04/2016	EPI_ISL_233973	 Russian Federation 	Europe 
A/Ukraine/6/2016	EPI_ISL_216200	 Ukraine	Europe 
A/Uppsala/1/2014	EPI_ISL_154974	 Sweden 	Europe 
A/Uppsala/3/2014	EPI_ISL_156916	 Sweden 	Europe 
A/Uppsala/4/2016	EPI_ISL_220463	 Sweden 	Europe 
A/Uppsala/5/2014	EPI_ISL_157114	 Sweden 	Europe 
A/Vienna/INS179/2010	EPI_ISL_75162	 Austria	Europe 
A/Vienna/INS368/2010	EPI_ISL_78784	 Austria	Europe 
A/Vladimir/IIV-35/2011	EPI_ISL_93346	 Russian Federation	Europe 
A/Vladivistok/7/2010	EPI_ISL_87285	 Russian Federation	Europe 
A/Vladivostok/28/2012	EPI_ISL_128296	 Russian Federation	Europe 
A/Volgograd/CRIE-4/2014	EPI_ISL_166412	 Russian Federation 	Europe 
A/Volgograd/CRIE-DMV/2011	EPI_ISL_97442	 Russian Federation	Europe 
A/Voronezh/01/2011	EPI_ISL_89925	 Russian Federation	Europe 
A/Zaporizza/417/2013	EPI_ISL_145501	 Ukraine	Europe 
A/Alabama/03/2010	EPI_ISL_73400	 United States 	North America 
A/Alabama/10/2018	EPI_ISL_300041	 United States 	North America 
A/Alaska/01/2010	EPI_ISL_71344	 United States 	North America 
A/Alaska/07/2018	EPI_ISL_302952	 United States 	North America 
A/Alaska/263/2015	EPI_ISL_203590	 United States 	North America 
A/Alaska/37/2014	EPI_ISL_171853	 United States 	North America 
A/Alaska/38/2014	EPI_ISL_171851	 United States 	North America 
A/Alaska/45/2018	EPI_ISL_315078	 United States 	North America 
A/Arizona/01/2011	EPI_ISL_88059	 United States 	North America 
A/Arizona/15/2017	EPI_ISL_259820	 United States 	North America 
A/Arizona/42/2016	EPI_ISL_221069	 United States 	North America 
A/Arkansas/03/2018	EPI_ISL_300035	 United States 	North America 
A/Boston/146/2009	EPI_ISL_75348	 United States 	North America 
A/Brownsville/31OS/2009	EPI_ISL_63967	 United States 	North America 
A/Brownsville/37OS/2009	EPI_ISL_63979	 United States 	North America 
A/Brownsville/43H/2009	EPI_ISL_63978	 United States 	North America 
A/California/01/2014	EPI_ISL_157476	 United States 	North America 
A/California/05/2010	EPI_ISL_73401	 United States 	North America 
A/California/06/2014	EPI_ISL_158707	 United States 	North America 
A/California/07/2009	EPI_ISL_203615	 United States 	North America 
A/California/115/2015	EPI_ISL_205482	 United States 	North America 
A/California/121/2017	EPI_ISL_287697	 United States 	North America 
A/California/123/2017	EPI_ISL_287696	 United States 	North America 
A/California/128/2015	EPI_ISL_208469	 United States 	North America 
A/California/134/2017	EPI_ISL_288563	 United States 	North America 
A/California/14/2011	EPI_ISL_88065	 United States 	North America 
A/California/142/2017	EPI_ISL_290757	 United States 	North America 
A/California/17/2011	EPI_ISL_89892	 United States 	North America 
A/California/171/2016	EPI_ISL_264360	 United States 	North America 
A/California/20/2011	EPI_ISL_94669	 United States 	North America 
A/California/21/2011	EPI_ISL_94670	 United States 	North America 
A/California/26/2016	EPI_ISL_213269	 United States 	North America 
A/California/31/2017	EPI_ISL_255940	 United States 	North America 
A/California/33/2017	EPI_ISL_256089	 United States 	North America 
A/California/46/2017	EPI_ISL_257790	 United States 	North America 
A/California/55/2014	EPI_ISL_192124	 United States 	North America 
A/California/56/2014	EPI_ISL_188708	 United States 	North America 
A/California/56/2016	EPI_ISL_216192	 United States 	North America 
A/California/59/2013	EPI_ISL_157072	 United States 	North America 
A/California/81/2018	EPI_ISL_332629	 United States 	North America 
A/California/92/2014	EPI_ISL_188709	 United States 	North America 
A/California/VRDL1/2010	EPI_ISL_76739	 United States 	North America 
A/California/VRDL10/2010	EPI_ISL_75114	 United States 	North America 
A/California/VRDL11/2010	EPI_ISL_75118	 United States 	North America 
A/California/VRDL13/2010	EPI_ISL_75120	 United States 	North America 
A/California/VRDL14/2010	EPI_ISL_75121	 United States 	North America 
A/California/VRDL2/2010	EPI_ISL_76740	 United States 	North America 
A/California/VRDL9/2009	EPI_ISL_68133	 United States 	North America 
A/Canada MB/RV1975/2009	EPI_ISL_32649	Canada	North America 
A/Canada MB/RV2004/2009	EPI_ISL_86289	Canada	North America 
A/Canada MB/RV2018/2010	EPI_ISL_86300	Canada	North America 
A/Canada NB/RV2478/2009	EPI_ISL_86367	Canada	North America 
A/Canada ON/RV2015/2010	EPI_ISL_86396	Canada	North America 
A/Colorado/02/2010	EPI_ISL_71360	 United States 	North America 
A/Colorado/07/2014	EPI_ISL_163674	 United States 	North America 
A/Colorado/11/2010	EPI_ISL_88067	 United States 	North America 
A/Colorado/26/2017	EPI_ISL_290733	 United States 	North America 
A/Colorado/35/2015	EPI_ISL_210282	 United States 	North America 
A/Connecticut/07/2017	EPI_ISL_256905	 United States 	North America 
A/Costa Rica/5802/2013	EPI_ISL_150617	 Costa Rica	North America 
A/Costa Rica/7688/2015	EPI_ISL_215030	 Costa Rica	North America 
A/Costa Rica/7890/2015	EPI_ISL_218181	 Costa Rica	North America 
A/Craven/WR0019/2009	EPI_ISL_61793	 United States	North America 
A/Delaware/04/2011	EPI_ISL_88072	 United States 	North America 
A/Delaware/06/2011	EPI_ISL_88073	 United States 	North America 
A/Delaware/08/2011	EPI_ISL_88075	 United States 	North America 
A/District Of Columbia/02/2014	EPI_ISL_233734	 United States 	North America 
A/District Of Columbia/10/2018	EPI_ISL_309036	 United States 	North America 
A/Dominica/432/2015	EPI_ISL_193592	 Dominica	North America 
A/Dominican Republic/7293/2013	EPI_ISL_145504	 Dominican Republic	North America 
A/Dominican Republic/9270/2015	EPI_ISL_194833	 Dominican Republic	North America 
A/El Salvador/1077/2016	EPI_ISL_240243	 El Salvador	North America 
A/El Salvador/442/2016	EPI_ISL_232711	 El Salvador	North America 
A/El Salvador/713/2018	EPI_ISL_331146	 El Salvador	North America 
A/Florida/01/2014	EPI_ISL_154792	 United States 	North America 
A/Florida/02/2010	EPI_ISL_71369	 United States 	North America 
A/Florida/06/2012	EPI_ISL_117054	 United States 	North America 
A/Florida/47/2015	EPI_ISL_188712	 United States 	North America 
A/Florida/56/2015	EPI_ISL_193301	 United States 	North America 
A/Florida/62/2014	EPI_ISL_171852	 United States 	North America 
A/Florida/66/2015	EPI_ISL_197569	 United States 	North America 
A/Georgia/04/2010	EPI_ISL_73417	 United States 	North America 
A/Georgia/15/2015	EPI_ISL_210289	 United States 	North America 
A/Guatemala/122/2016	EPI_ISL_233080	 Guatemala	North America 
A/Guatemala/209/2018	EPI_ISL_330196	 Guatemala	North America 
A/Guatemala/24/2016	EPI_ISL_233538	 Guatemala	North America 
A/Guatemala/616/2018	EPI_ISL_330174	 Guatemala	North America 
A/Guatemala/86/2016	EPI_ISL_233539	 Guatemala	North America 
A/Haiti/1790/2013	EPI_ISL_145496	 Haiti	North America 
A/Hawaii/03/2013	EPI_ISL_156762	 United States 	North America 
A/Hawaii/19/2018	EPI_ISL_305225	 United States 	North America 
A/Hawaii/20/2017	EPI_ISL_268496	 United States 	North America 
A/Hawaii/24/2018	EPI_ISL_305226	 United States 	North America 
A/Hawaii/30/2015	EPI_ISL_189822	 United States 	North America 
A/Hawaii/41/2015	EPI_ISL_192147	 United States 	North America 
A/Hawaii/43/2017	EPI_ISL_282768	 United States 	North America 
A/Hawaii/64/2014	EPI_ISL_171846	 United States 	North America 
A/Hawaii/82/2015	EPI_ISL_210292	 United States 	North America 
A/Honduras/0198/2017	EPI_ISL_269923	 Honduras	North America 
A/Honduras/1875/2018	EPI_ISL_314529	 Honduras	North America 
A/Honduras/2586/2018	EPI_ISL_335907	 Honduras	North America 
A/Houston/10H/2009	EPI_ISL_63950	 United States 	North America 
A/Houston/5H/2009	EPI_ISL_63943	 United States 	North America 
A/Idaho/06/2016	EPI_ISL_214986	 United States 	North America 
A/Idaho/39/2015	EPI_ISL_208479	 United States 	North America 
A/Illinois/13/2016	EPI_ISL_221233	 United States 	North America 
A/Illinois/21/2015	EPI_ISL_203290	 United States 	North America 
A/Illinois/26/2017	EPI_ISL_259823	 United States 	North America 
A/Illinois/28/2015	EPI_ISL_211718	 United States 	North America 
A/Indiana/04/2011	EPI_ISL_88085	 United States 	North America 
A/Indiana/10/2017	EPI_ISL_249931	 United States 	North America 
A/Indiana/33/2015	EPI_ISL_207928	 United States 	North America 
A/Indiana/38/2016	EPI_ISL_221277	 United States 	North America 
A/Iowa/01/2010	EPI_ISL_70323	 United States 	North America 
A/Iowa/08/2018	EPI_ISL_302873	 United States 	North America 
A/Iowa/09/2017	EPI_ISL_256355	 United States 	North America 
A/Iowa/10/2017	EPI_ISL_256356	 United States 	North America 
A/Iowa/19/2014	EPI_ISL_170147	 United States 	North America 
A/Iowa/24/2014	EPI_ISL_173273	 United States 	North America 
A/Iowa/25/2014	EPI_ISL_173268	 United States 	North America 
A/Iowa/25/2018	EPI_ISL_307729	 United States 	North America 
A/Iowa/26/2014	EPI_ISL_173274	 United States 	North America 
A/Iowa/27/2014	EPI_ISL_173264	 United States 	North America 
A/Jamaica/5010/2018	EPI_ISL_345994	 Jamaica	North America 
A/Jamaica/613/2016	EPI_ISL_233522	 Jamaica	North America 
A/Jamaica/7765/2018	EPI_ISL_342319	 Jamaica	North America 
A/Kentucky/28/2018	EPI_ISL_331417	 United States 	North America 
A/Louisiana/03/2015	EPI_ISL_192125	 United States 	North America 
A/Louisiana/07/2013	EPI_ISL_150042	 United States 	North America 
A/Louisiana/08/2013	EPI_ISL_150043	 United States 	North America 
A/Louisiana/10/2013	EPI_ISL_150298	 United States 	North America 
A/Louisiana/11/2013	EPI_ISL_150297	 United States 	North America 
A/Louisiana/12/2013	EPI_ISL_150296	 United States 	North America 
A/Louisiana/13/2013	EPI_ISL_151838	 United States 	North America 
A/Louisiana/34/2013	EPI_ISL_155018	 United States 	North America 
A/Louisiana/41/2013	EPI_ISL_159528	 United States 	North America 
A/Maine/01/2016	EPI_ISL_215054	 United States 	North America 
A/Maine/04/2011	EPI_ISL_88099	 United States 	North America 
A/Martinique/2084/2015	EPI_ISL_195810	 Martinique	North America 
A/Maryland/03/2011	EPI_ISL_88100	 United States 	North America 
A/Maryland/04/2011	EPI_ISL_88101	 United States 	North America 
A/Maryland/04/2014	EPI_ISL_157859	 United States 	North America 
A/Maryland/05/2011	EPI_ISL_88102	 United States 	North America 
A/Maryland/06/2011	EPI_ISL_88103	 United States 	North America 
A/Maryland/07/2011	EPI_ISL_88104	 United States 	North America 
A/Maryland/08/2011	EPI_ISL_88105	 United States 	North America 
A/Maryland/13/2012	EPI_ISL_128402	 United States 	North America 
A/Maryland/20/2013	EPI_ISL_154243	 United States 	North America 
A/Maryland/28/2016	EPI_ISL_273767	 United States 	North America 
A/Maryland/57/2018	EPI_ISL_333824	 United States 	North America 
A/Maryland/95/2017	EPI_ISL_296219	 United States 	North America 
A/Massachusetts/06/2017	EPI_ISL_268433	 United States 	North America 
A/Massachusetts/15/2013	EPI_ISL_153134	 United States 	North America 
A/Massachusetts/30/2015	EPI_ISL_203611	 United States 	North America 
A/Massachusetts/31/2015	EPI_ISL_208487	 United States 	North America 
A/Mexico City/019/2009	EPI_ISL_76071	 Mexico 	North America 
A/Mexico City/WR1704T/2009	EPI_ISL_78845	 Mexico 	North America 
A/Mexico/1244/2018	EPI_ISL_313564	 Mexico	North America 
A/Mexico/1247/2018	EPI_ISL_313565	 Mexico	North America 
A/Mexico/1374/2015	EPI_ISL_200996	 Mexico	North America 
A/Mexico/1985/2018	EPI_ISL_332988	 Mexico	North America 
A/Mexico/1986/2017	EPI_ISL_275669	 Mexico	North America 
A/Mexico/1991/2018	EPI_ISL_332989	 Mexico	North America 
A/Mexico/2188/2018	EPI_ISL_332221	 Mexico	North America 
A/Mexico/254/2012	EPI_ISL_103741	 Mexico	North America 
A/Mexico/27/2016	EPI_ISL_259866	 Mexico	North America 
A/Mexico/2964/2009	EPI_ISL_66702	 Mexico	North America 
A/Mexico/3723/2011	EPI_ISL_103740	 Mexico	North America 
A/Mexico/3752/2011	EPI_ISL_105062	 Mexico	North America 
A/Mexico/4281/2016	EPI_ISL_238775	 Mexico	North America 
A/Michigan/03/2011	EPI_ISL_94671	 United States 	North America 
A/Michigan/03/2016	EPI_ISL_210296	 United States 	North America 
A/Michigan/15/2016	EPI_ISL_224148	 United States 	North America 
A/Michigan/277/2017	EPI_ISL_277882	 United States 	North America 
A/Michigan/280/2017	EPI_ISL_281591	 United States 	North America 
A/Michigan/45/2015	EPI_ISL_200780	 United States 	North America 
A/Michigan/57/2015	EPI_ISL_201920	 United States 	North America 
A/Michigan/68/2015	EPI_ISL_202773	 United States 	North America 
A/Minnesota/03/2011	EPI_ISL_88111	 United States 	North America 
A/Minnesota/18/2017	EPI_ISL_259826	 United States 	North America 
A/Minnesota/23/2018	EPI_ISL_306794	 United States 	North America 
A/Minnesota/25/2017	EPI_ISL_262721	 United States 	North America 
A/Minnesota/35/2018	EPI_ISL_312972	 United States 	North America 
A/Minnesota/40/2009	EPI_ISL_71400	 United States 	North America 
A/Minnesota/56/2015	EPI_ISL_213205	 United States 	North America 
A/Mississippi/01/2009	EPI_ISL_60811	 United States 	North America 
A/Mississippi/09/2013	EPI_ISL_154812	 United States 	North America 
A/Mississippi/10/2013	EPI_ISL_153071	 United States 	North America 
A/Mississippi/11/2013	EPI_ISL_151839	 United States 	North America 
A/Mississippi/27/2017	EPI_ISL_284848	 United States 	North America 
A/Mississippi/28/2013	EPI_ISL_153091	 United States 	North America 
A/Mississippi/29/2013	EPI_ISL_153090	 United States 	North America 
A/Mississippi/29/2017	EPI_ISL_286075	 United States 	North America 
A/Missouri/02/2014	EPI_ISL_159529	 United States 	North America 
A/Nebraska/04/2016	EPI_ISL_213178	 United States 	North America 
A/Nebraska/20/2015	EPI_ISL_207935	 United States 	North America 
A/Nevada/01/2010	EPI_ISL_71404	 United States 	North America 
A/Nevada/24/2013	EPI_ISL_154811	 United States 	North America 
A/New Hampshire/04/2013	EPI_ISL_153074	 United States 	North America 
A/New Hampshire/08/2016	EPI_ISL_221075	 United States 	North America 
A/New Hampshire/11/2017	EPI_ISL_258148	 United States 	North America 
A/New Hampshire/17/2016	EPI_ISL_222212	 United States 	North America 
A/New Hampshire/43/2015	EPI_ISL_207372	 United States 	North America 
A/New Mexico/04/2009	EPI_ISL_30096	 United States 	North America 
A/New Mexico/04/2011	EPI_ISL_90942	 United States 	North America 
A/New Mexico/05/2011	EPI_ISL_90943	 United States 	North America 
A/New Mexico/06/2011	EPI_ISL_90944	 United States 	North America 
A/New Mexico/31/2015	EPI_ISL_215066	 United States 	North America 
A/New York/03/2010	EPI_ISL_73409	 United States 	North America 
A/New York/0357/2009	EPI_ISL_74125	 United States 	North America 
A/New York/05/2018	EPI_ISL_300011	 United States 	North America 
A/New York/14/2010	EPI_ISL_90949	 United States 	North America 
A/New York/15/2016	EPI_ISL_214215	 United States 	North America 
A/New York/1669/2009	EPI_ISL_60935	 United States 	North America 
A/New York/1680/2010	EPI_ISL_74127	 United States 	North America 
A/New York/1998/2010	EPI_ISL_74129	 United States 	North America 
A/New York/1999/2010	EPI_ISL_74130	 United States 	North America 
A/New York/2175/2010	EPI_ISL_74131	 United States 	North America 
A/New York/2372/2010	EPI_ISL_74132	 United States 	North America 
A/New York/2648/2010	EPI_ISL_74134	 United States 	North America 
A/New York/2960/2010	EPI_ISL_74136	 United States 	North America 
A/New York/2963/2010	EPI_ISL_74137	 United States 	North America 
A/New York/2971/2010	EPI_ISL_74138	 United States 	North America 
A/New York/3236/2010	EPI_ISL_74140	 United States 	North America 
A/New York/3250/2010	EPI_ISL_74141	 United States 	North America 
A/New York/3262/2009	EPI_ISL_30479	 United States 	North America 
A/New York/34/2012	EPI_ISL_128404	 United States 	North America 
A/New York/3567/2009	EPI_ISL_33868	 United States 	North America 
A/New York/3681/2010	EPI_ISL_76231	 United States 	North America 
A/New York/3834/2010	EPI_ISL_76234	 United States 	North America 
A/New York/3967/2009	EPI_ISL_61329	 United States 	North America 
A/New York/41/2014	EPI_ISL_173275	 United States 	North America 
A/New York/4944/2009	EPI_ISL_71239	 United States 	North America 
A/New York/4977/2009	EPI_ISL_70762	 United States 	North America 
A/New York/5276/2009	EPI_ISL_71492	 United States 	North America 
A/New York/6182/2009	EPI_ISL_71271	 United States 	North America 
A/New York/6571/2009	EPI_ISL_71281	 United States 	North America 
A/New York/6668/2009	EPI_ISL_71284	 United States 	North America 
A/New York/74/2015	EPI_ISL_210334	 United States 	North America 
A/New York/7420/2010	EPI_ISL_76240	 United States 	North America 
A/North Carolina/02/2011	EPI_ISL_88124	 United States 	North America 
A/North Carolina/04/2014	EPI_ISL_166344	 United States 	North America 
A/North Carolina/05/2010	EPI_ISL_71958	 United States 	North America 
A/North Carolina/06/2011	EPI_ISL_89907	 United States 	North America 
A/North Carolina/07/2011	EPI_ISL_89908	 United States 	North America 
A/North Carolina/08/2011	EPI_ISL_89909	 United States 	North America 
A/North Carolina/09/2011	EPI_ISL_89910	 United States 	North America 
A/North Carolina/09/2012	EPI_ISL_117047	 United States 	North America 
A/North Carolina/18/2012	EPI_ISL_121448	 United States 	North America 
A/North Carolina/43/2018	EPI_ISL_336787	 United States 	North America 
A/North Dakota/05/2016	EPI_ISL_214195	 United States 	North America 
A/North Dakota/21/2016	EPI_ISL_216127	 United States 	North America 
A/North Dakota/24/2016	EPI_ISL_221224	 United States 	North America 
A/Ohio/18/2016	EPI_ISL_227527	 United States 	North America 
A/Oklahoma/12/2016	EPI_ISL_240284	 United States 	North America 
A/Ontario/RV4208/2018	EPI_ISL_338699	 Canada	North America 
A/Pennsylvania/01/2014	EPI_ISL_157857	 United States 	North America 
A/Pennsylvania/02/2011	EPI_ISL_88135	 United States 	North America 
A/Pennsylvania/04/2014	EPI_ISL_157858	 United States 	North America 
A/Pennsylvania/05/2014	EPI_ISL_157860	 United States 	North America 
A/Pennsylvania/07/2011	EPI_ISL_90951	 United States 	North America 
A/Pennsylvania/07/2013	EPI_ISL_156812	 United States 	North America 
A/Pennsylvania/08/2011	EPI_ISL_90952	 United States 	North America 
A/Pennsylvania/14/2014	EPI_ISL_159669	 United States 	North America 
A/Pennsylvania/15/2014	EPI_ISL_159350	 United States 	North America 
A/Pennsylvania/17/2010	EPI_ISL_84181	 United States 	North America 
A/Pennsylvania/17/2014	EPI_ISL_159530	 United States 	North America 
A/Pennsylvania/18/2014	EPI_ISL_159345	 United States 	North America 
A/Pennsylvania/19/2014	EPI_ISL_159348	 United States 	North America 
A/Pennsylvania/20/2014	EPI_ISL_159668	 United States 	North America 
A/Pennsylvania/21/2014	EPI_ISL_159532	 United States 	North America 
A/Pennsylvania/311/2018	EPI_ISL_361754	 United States 	North America 
A/Pennsylvania/326/2017	EPI_ISL_295882	 United States 	North America 
A/Pennsylvania/48/2015	EPI_ISL_205492	 United States 	North America 
A/Pennsylvania/536/2018	EPI_ISL_358729	 United States 	North America 
A/Pennsylvania/98/2018	EPI_ISL_358524	 United States 	North America 
A/Pensacola/INS211/2009	EPI_ISL_76903	 United States 	North America 
A/Puerto Rico/01/2013	EPI_ISL_145509	 Puerto Rico	North America 
A/Puerto Rico/29/2014	EPI_ISL_175253	 Puerto Rico	North America 
A/Puerto Rico/31/2014	EPI_ISL_175255	 Puerto Rico	North America 
A/Puerto Rico/32/2014	EPI_ISL_175257	 Puerto Rico	North America 
A/Puerto Rico/34/2014	EPI_ISL_175256	 Puerto Rico	North America 
A/Puerto Rico/48/2015	EPI_ISL_208491	 Puerto Rico	North America 
A/Rhode Island/09/2013	EPI_ISL_155031	 United States 	North America 
A/Rhode Island/09/2017	EPI_ISL_258149	 United States 	North America 
A/Rhode Island/19/2016	EPI_ISL_221094	 United States 	North America 
A/South Dakota/10/2016	EPI_ISL_218091	 United States 	North America 
A/South Dakota/14/2016	EPI_ISL_221649	 United States 	North America 
A/South Dakota/14/2017	EPI_ISL_257815	 United States 	North America 
A/South Dakota/18/2016	EPI_ISL_221653	 United States 	North America 
A/South Dakota/41/2015	EPI_ISL_210339	 United States 	North America 
A/Tennessee/01/2010	EPI_ISL_71422	 United States 	North America 
A/Tennessee/31/2016	EPI_ISL_264367	 United States 	North America 
A/Texas/09/2011	EPI_ISL_89923	 United States 	North America 
A/Texas/09/2014	EPI_ISL_156765	 United States 	North America 
A/Texas/100/2018	EPI_ISL_358497	 United States 	North America 
A/Texas/101/2017	EPI_ISL_266682	 United States 	North America 
A/Texas/102/2016	EPI_ISL_224172	 United States 	North America 
A/Texas/146/2016	EPI_ISL_232626	 United States 	North America 
A/Texas/22/2012	EPI_ISL_111395	 United States 	North America 
A/Texas/23/2012	EPI_ISL_115085	 United States 	North America 
A/Texas/26/2012	EPI_ISL_117346	 United States 	North America 
A/Texas/27/2012	EPI_ISL_118689	 United States 	North America 
A/Texas/323/2017	EPI_ISL_292658	 United States 	North America 
A/Texas/418/2017	EPI_ISL_358504	 United States 	North America 
A/Texas/46240925/2009	EPI_ISL_73495	 United States 	North America 
A/Texas/79/2015	EPI_ISL_227425	 United States 	North America 
A/Trinidad/429/2015	EPI_ISL_193602	 Trinidad and Tobago	North America 
A/Utah/02/2010	EPI_ISL_71432	 United States 	North America 
A/Utah/03/2010	EPI_ISL_73411	 United States 	North America 
A/Utah/10/2013	EPI_ISL_150613	 United States 	North America 
A/Utah/15/2016	EPI_ISL_218086	 United States 	North America 
A/Utah/19/2016	EPI_ISL_218114	 United States 	North America 
A/Utah/32/2017	EPI_ISL_284069	 United States 	North America 
A/Utah/45/2017	EPI_ISL_295900	 United States 	North America 
A/Vermont/16/2018	EPI_ISL_309492	 United States 	North America 
A/Virginia/01/2010	EPI_ISL_71435	 United States 	North America 
A/Virginia/04/2011	EPI_ISL_88151	 United States 	North America 
A/Virginia/06/2014	EPI_ISL_159349	 United States 	North America 
A/Virginia/40/2014	EPI_ISL_172643	 United States 	North America 
A/Virginia/51/2016	EPI_ISL_223305	 United States 	North America 
A/Virginia/59/2016	EPI_ISL_230541	 United States 	North America 
A/Washington/02/2011	EPI_ISL_88152	 United States 	North America 
A/Washington/07/2014	EPI_ISL_159391	 United States 	North America 
A/Washington/10/2017	EPI_ISL_248964	 United States 	North America 
A/Washington/166/2018	EPI_ISL_360927	 United States 	North America 
A/Washington/19/2015	EPI_ISL_178490	 United States 	North America 
A/Washington/24/2012	EPI_ISL_134841	 United States 	North America 
A/Washington/299/2017	EPI_ISL_284071	 United States 	North America 
A/Washington/59/2014	EPI_ISL_173267	 United States 	North America 
A/West Virginia/27/2018	EPI_ISL_312931	 United States 	North America 
A/Wisconsin/01/2010	EPI_ISL_71444	 United States 	North America 
A/Wisconsin/101/2016	EPI_ISL_241645	 United States 	North America 
A/Wisconsin/110/2018	EPI_ISL_361178	 United States 	North America 
A/Wisconsin/15/2011	EPI_ISL_89930	 United States 	North America 
A/Wisconsin/16/2011	EPI_ISL_89931	 United States 	North America 
A/Wisconsin/18/2011	EPI_ISL_89933	 United States 	North America 
A/Wisconsin/187/2018	EPI_ISL_361250	 United States 	North America 
A/Wisconsin/25/2015	EPI_ISL_178491	 United States 	North America 
A/Wisconsin/354/2017	EPI_ISL_296032	 United States 	North America 
A/Wisconsin/42/2017	EPI_ISL_259840	 United States 	North America 
A/Wisconsin/45/2017	EPI_ISL_261838	 United States 	North America 
A/Wisconsin/496/2018	EPI_ISL_331159	 United States 	North America 
A/Wisconsin/629 D00015/2009	EPI_ISL_61530	 United States 	North America 
A/Wisconsin/629 D00349/2009	EPI_ISL_61539	 United States 	North America 
A/Wisconsin/629 D00672/2009	EPI_ISL_71526	 United States 	North America 
A/Wisconsin/629 D01015/2009	EPI_ISL_71717	 United States 	North America 
A/Wisconsin/629 D01083/2009	EPI_ISL_61566	 United States 	North America 
A/Wisconsin/629 D01412/2009	EPI_ISL_71552	 United States 	North America 
A/Wisconsin/629 D01705/2009	EPI_ISL_61585	 United States 	North America 
A/Wisconsin/629 D01903/2009	EPI_ISL_62670	 United States 	North America 
A/Wisconsin/629 D02272/2009	EPI_ISL_61610	 United States 	North America 
A/Wisconsin/629 S1350/2009	EPI_ISL_71583	 United States 	North America 
A/Wisconsin/88/2015	EPI_ISL_207386	 United States 	North America 
A/Wisconsin/90/2015	EPI_ISL_207379	 United States 	North America 
A/Wyoming/04/2018	EPI_ISL_299998	 United States 	North America 
A/Acre/140837-IEC/2016	EPI_ISL_233546	 Brazil	South America 
A/Acre/152954-IEC/2018	EPI_ISL_320216	 Brazil	South America 
A/Amapa/141547-IEC/2016	EPI_ISL_233552	 Brazil	South America 
A/Amazonas/141200-IEC/2016	EPI_ISL_233548	 Brazil	South America 
A/Antofagasta/37835/2018	EPI_ISL_320709	 Chile	South America 
A/Argentina/07-09GP/2009	EPI_ISL_76251	 Argentina 	South America 
A/Argentina/08AR/2009	EPI_ISL_76253	 Argentina 	South America 
A/Argentina/115/2015	EPI_ISL_197806	 Argentina	South America 
A/Argentina/11551/2015	EPI_ISL_200997	 Argentina	South America 
A/Argentina/12776/2017	EPI_ISL_281611	 Argentina	South America 
A/Argentina/12777/2017	EPI_ISL_281610	 Argentina	South America 
A/Argentina/12780/2017	EPI_ISL_281612	 Argentina	South America 
A/Argentina/13743/2018	EPI_ISL_329905	 Argentina	South America 
A/Argentina/19527/2009	EPI_ISL_76255	 Argentina 	South America 
A/Argentina/19618/2009	EPI_ISL_76257	 Argentina 	South America 
A/Argentina/19656/2009	EPI_ISL_76258	 Argentina 	South America 
A/Argentina/22/2015	EPI_ISL_197805	 Argentina	South America 
A/Argentina/262/2015	EPI_ISL_197811	 Argentina	South America 
A/Argentina/269/2018	EPI_ISL_322902	 Argentina	South America 
A/Argentina/36/2015	EPI_ISL_197809	 Argentina	South America 
A/Argentina/610/2016	EPI_ISL_227500	 Argentina	South America 
A/Argentina/720/2016	EPI_ISL_230495	 Argentina	South America 
A/Argentina/7768/2009	EPI_ISL_34542	 Argentina	South America 
A/Argentina/8169/2009	EPI_ISL_71348	 Argentina	South America 
A/Argentina/92/2015	EPI_ISL_197812	 Argentina	South America 
A/Argentina/HNRG13/2009	EPI_ISL_66020	 Argentina	South America 
A/Argentina/HNRG3/2009	EPI_ISL_66029	 Argentina	South America 
A/Argentina/HNRG32/2009	EPI_ISL_66032	 Argentina	South America 
A/Argentina/HNRG45/2009	EPI_ISL_66041	 Argentina	South America 
A/Bahia/133/2017	EPI_ISL_268463	 Brazil	South America 
A/Bogota/0466N/2009	EPI_ISL_33946	 Colombia	South America 
A/Bogota/WR0090N/2009	EPI_ISL_61785	 Colombia	South America 
A/Bolivia/0883/2018	EPI_ISL_329904	 Bolivia	South America 
A/Bolivia/1696/2018	EPI_ISL_333041	 Bolivia	South America 
A/Bolivia/171/2018	EPI_ISL_332206	 Bolivia	South America 
A/Bolivia/1723/2018	EPI_ISL_322915	 Bolivia	South America 
A/Bolivia/1838/2018	EPI_ISL_330876	 Bolivia	South America 
A/Bolivia/2127/2016	EPI_ISL_239229	 Bolivia	South America 
A/Bolivia/2324/2018	EPI_ISL_322894	 Bolivia	South America 
A/Bolivia/3327/2018	EPI_ISL_333050	 Bolivia	South America 
A/Bolivia/3454/2018	EPI_ISL_333056	 Bolivia	South America 
A/Bolivia/3469/2018	EPI_ISL_333057	 Bolivia	South America 
A/Bolivia/351/2017	EPI_ISL_269953	 Bolivia	South America 
A/Bolivia/493/2017	EPI_ISL_273783	 Bolivia	South America 
A/Bolivia/510/2017	EPI_ISL_273794	 Bolivia	South America 
A/Bolivia/559/2013	EPI_ISL_145507	 Bolivia	South America 
A/Bolivia/586/2017	EPI_ISL_273793	 Bolivia	South America 
A/Bolivia/608/2017	EPI_ISL_273785	 Bolivia	South America 
A/Bolivia/638/2017	EPI_ISL_273786	 Bolivia	South America 
A/Bolivia/714/2017	EPI_ISL_273787	 Bolivia	South America 
A/Bolivia/750/2017	EPI_ISL_273788	 Bolivia	South America 
A/Bolivia/792/2017	EPI_ISL_273784	 Bolivia	South America 
A/Bolivia/800/2017	EPI_ISL_273789	 Bolivia	South America 
A/Brazil/0257 S2/2016	EPI_ISL_233535	 Brazil	South America 
A/Brazil/0480/2016	EPI_ISL_233053	 Brazil	South America 
A/Brazil/0504/2015	EPI_ISL_213115	 Brazil	South America 
A/Brazil/0638/2015	EPI_ISL_214164	 Brazil	South America 
A/Brazil/1170/2016	EPI_ISL_235329	 Brazil	South America 
A/Brazil/126/2015	EPI_ISL_223344	 Brazil	South America 
A/Brazil/1335/2016	EPI_ISL_223209	 Brazil	South America 
A/Brazil/1456/2018	EPI_ISL_330410	 Brazil	South America 
A/Brazil/1923/2016	EPI_ISL_277209	 Brazil	South America 
A/Brazil/193/2016	EPI_ISL_227466	 Brazil	South America 
A/Brazil/2391/2018	EPI_ISL_321957	 Brazil	South America 
A/Brazil/2817/2018	EPI_ISL_319841	 Brazil	South America 
A/Brazil/3032/2016	EPI_ISL_223214	 Brazil	South America 
A/Brazil/3169/2018	EPI_ISL_316749	 Brazil	South America 
A/Brazil/40863/2016	EPI_ISL_237820	 Brazil	South America 
A/Brazil/5026/2017	EPI_ISL_281608	 Brazil	South America 
A/Brazil/5243/2016	EPI_ISL_233592	 Brazil	South America 
A/Brazil/526/2017	EPI_ISL_275660	 Brazil	South America 
A/Brazil/536/2017	EPI_ISL_275661	 Brazil	South America 
A/Brazil/5662/2016	EPI_ISL_244226	 Brazil	South America 
A/Brazil/69221/2015	EPI_ISL_207377	 Brazil	South America 
A/Brazil/72880/2015	EPI_ISL_206984	 Brazil	South America 
A/Brazil/764/2009	EPI_ISL_35003	 Brazil	South America 
A/Brazil/8253/2018	EPI_ISL_333062	 Brazil	South America 
A/Ceara/145605-IEC/2017	EPI_ISL_275655	 Brazil	South America 
A/Chile/1579/2009	EPI_ISL_64985	 Chile	South America 
A/Chile/6536/2009	EPI_ISL_60789	 Chile	South America 
A/Chile/8945/2009	EPI_ISL_33573	 Chile	South America 
A/Chile/8949/2009	EPI_ISL_33574	 Chile	South America 
A/Colombia/0103/2018	EPI_ISL_322917	 Colombia	South America 
A/Colombia/0137/2016	EPI_ISL_234624	 Colombia	South America 
A/Colombia/0559/2018	EPI_ISL_322906	 Colombia	South America 
A/Colombia/1359/2015	EPI_ISL_190443	 Colombia	South America 
A/Colombia/1457/2015	EPI_ISL_190445	 Colombia	South America 
A/Colombia/2537/2015	EPI_ISL_190446	 Colombia	South America 
A/Colombia/3732/2017	EPI_ISL_273762	 Colombia	South America 
A/Colombia/4280/2015	EPI_ISL_178103	 Colombia	South America 
A/Colombia/4522/2015	EPI_ISL_190442	 Colombia	South America 
A/Colombia/4790/2017	EPI_ISL_277622	 Colombia	South America 
A/Colombia/497/2015	EPI_ISL_215025	 Colombia	South America 
A/Colombia/6863/2015	EPI_ISL_215027	 Colombia	South America 
A/Colombia/7242/2016	EPI_ISL_215028	 Colombia	South America 
A/Colombia/8237/2018	EPI_ISL_312916	 Colombia	South America 
A/Colombia/9833/2018	EPI_ISL_322918	 Colombia	South America 
A/Colombia/9953/2016	EPI_ISL_241735	 Colombia	South America 
A/Concepcion/39745/2015	EPI_ISL_200782	 Chile	South America 
A/Concepcion/39751/2015	EPI_ISL_200777	 Chile	South America 
A/Concepcion/44321/2015	EPI_ISL_194846	 Chile	South America 
A/Ecuador/1155/2018	EPI_ISL_320242	 Ecuador	South America 
A/Ecuador/14/2018	EPI_ISL_300087	 Ecuador	South America 
A/Ecuador/222/2017	EPI_ISL_273797	 Ecuador	South America 
A/Ecuador/2375/2015	EPI_ISL_194930	 Ecuador	South America 
A/Ecuador/2495/2017	EPI_ISL_299993	 Ecuador	South America 
A/Ecuador/33/2017	EPI_ISL_273796	 Ecuador	South America 
A/Ecuador/330/2016	EPI_ISL_233035	 Ecuador	South America 
A/Ecuador/3670/2017	EPI_ISL_300082	 Ecuador	South America 
A/Ecuador/3904/2018	EPI_ISL_320245	 Ecuador	South America 
A/Ecuador/533/2017	EPI_ISL_300083	 Ecuador	South America 
A/Ecuador/609/2017	EPI_ISL_299996	 Ecuador	South America 
A/Ecuador/625/2017	EPI_ISL_300078	 Ecuador	South America 
A/Ecuador/72/2018	EPI_ISL_300085	 Ecuador	South America 
A/Ecuador/731/2017	EPI_ISL_299997	 Ecuador	South America 
A/Ecuador/98/2016	EPI_ISL_233039	 Ecuador	South America 
A/Ecuador/997/2017	EPI_ISL_302838	 Ecuador	South America 
A/French Guiana/4072/2015	EPI_ISL_195795	 French Guiana	South America 
A/French Guiana/6135/2015	EPI_ISL_197566	 French Guiana	South America 
A/Guyane/341/2017	EPI_ISL_303162	 French Guiana	South America 
A/Guyane/354/2017	EPI_ISL_304294	 French Guiana	South America 
A/Guyane/355/2017	EPI_ISL_300892	 French Guiana	South America 
A/Guyane/622/2018	EPI_ISL_321285	 French Guiana	South America 
A/La Paz/WR0096T/2009	EPI_ISL_61807	 Bolivia	South America 
A/Para/139207-IEC/2016	EPI_ISL_233543	 Brazil	South America 
A/Para/140720-IEC/2016	EPI_ISL_233544	 Brazil	South America 
A/Paraguay/0021/2016	EPI_ISL_232129	 Paraguay	South America 
A/Paraguay/0778/2016	EPI_ISL_232693	 Paraguay	South America 
A/Paraguay/1164/2015	EPI_ISL_195825	 Paraguay	South America 
A/Paraguay/3792/2016	EPI_ISL_232695	 Paraguay	South America 
A/Paraguay/5333/2015	EPI_ISL_195822	 Paraguay	South America 
A/Paraguay/5487/2015	EPI_ISL_195824	 Paraguay	South America 
A/Paraguay/6987/2015	EPI_ISL_210336	 Paraguay	South America 
A/Paraguay/7466/2015	EPI_ISL_210337	 Paraguay	South America 
A/Paraguay/7481/2015	EPI_ISL_210338	 Paraguay	South America 
A/Paraiba/143594-IEC/2016	EPI_ISL_248207	 Brazil	South America 
A/Paraiba/152186-IEC/2018	EPI_ISL_320229	 Brazil	South America 
A/Pernambuco/138995-IEC/2016	EPI_ISL_233563	 Brazil	South America 
A/Peru/06/2015	EPI_ISL_192548	 Peru	South America 
A/Peru/0716/2016	EPI_ISL_238786	 Peru	South America 
A/Peru/08/2015	EPI_ISL_192643	 Peru	South America 
A/Peru/10/2015	EPI_ISL_192640	 Peru	South America 
A/Peru/106/2013	EPI_ISL_143679	 Peru	South America 
A/Peru/11/2015	EPI_ISL_192642	 Peru	South America 
A/Peru/18/2015	EPI_ISL_192641	 Peru	South America 
A/Peru/2093/2015	EPI_ISL_203292	 Peru	South America 
A/Peru/45918/2018	EPI_ISL_321972	 Peru	South America 
A/Peru/48/2016	EPI_ISL_230526	 Peru	South America 
A/Peru/51/2015	EPI_ISL_203613	 Peru	South America 
A/Peru/52/2016	EPI_ISL_232685	 Peru	South America 
A/Peru/55/2016	EPI_ISL_232155	 Peru	South America 
A/Peru/56/2016	EPI_ISL_232156	 Peru	South America 
A/Peru/63/2015	EPI_ISL_202369	 Peru	South America 
A/Peru/67118/2018	EPI_ISL_321962	 Peru	South America 
A/Peru/8409/2009	EPI_ISL_70317	 Peru	South America 
A/Peru/9118/2018	EPI_ISL_319808	 Peru	South America 
A/Peru/9318/2018	EPI_ISL_319825	 Peru	South America 
A/Peru/9818/2018	EPI_ISL_319810	 Peru	South America 
A/Pucon/73761/2015	EPI_ISL_213112	 Chile	South America 
A/Puerto Montt/51370/2016	EPI_ISL_233031	 Chile	South America 
A/Quillota/25269/2016	EPI_ISL_227479	 Chile	South America 
A/Quito/WR1589N/2009	EPI_ISL_78833	 Ecuador	South America 
A/Rio Grande Do Norte/141183/2016	EPI_ISL_233547	 Brazil	South America 
A/Rio Grande Do Sul/17/2017	EPI_ISL_268414	 Brazil	South America 
A/Roraima/143204-IEC/2017	EPI_ISL_248206	 Brazil	South America 
A/Santa Catarina/92/2017	EPI_ISL_275631	 Brazil	South America 
A/Santiago/33499/2018	EPI_ISL_314546	 Chile	South America 
A/Santiago/45801/2016	EPI_ISL_232734	 Chile	South America 
A/Santiago/78647/2018	EPI_ISL_347489	 Chile 	South America 
A/Suriname/0167/2018	EPI_ISL_330849	 Suriname	South America 
A/Suriname/0777/2010	EPI_ISL_73793	 Suriname	South America 
A/Suriname/1437/2016	EPI_ISL_253047	 Suriname	South America 
A/Suriname/2158/2017	EPI_ISL_275662	 Suriname	South America 
A/Uruguay/597/2018	EPI_ISL_330180	 Uruguay	South America 
A/Uruguay/755/2009	EPI_ISL_35025	 Uruguay	South America 
A/Valparaiso/25941/2016	EPI_ISL_227480	 Chile	South America 
A/Valparaiso/27731/2016	EPI_ISL_227481	 Chile	South America 
A/Valparaiso/68954/2015	EPI_ISL_214162	 Chile	South America 
A/Venezuela/01/2018	EPI_ISL_321946	 Venezuela	South America 
A/Venezuela/10/2018	EPI_ISL_321945	 Venezuela	South America 
A/Venezuela/30/2018	EPI_ISL_348094	 Venezuela	South America 
A/AUCKLAND/64/2012	EPI_ISL_134453	 New Zealand 	Oceania 
A/AUCKLAND/8/2014	EPI_ISL_168841	 New Zealand 	Oceania 
A/Australia/11/2009	EPI_ISL_70674	 Australia 	Oceania 
A/Australia/12/2009	EPI_ISL_70675	 Australia 	Oceania 
A/Australia/16/2009	EPI_ISL_70679	 Australia 	Oceania 
A/Australia/21/2009	EPI_ISL_70681	 Australia 	Oceania 
A/Australia/23/2009	EPI_ISL_70682	 Australia 	Oceania 
A/Australia/24/2009	EPI_ISL_70684	 Australia 	Oceania 
A/Australia/25/2009	EPI_ISL_70685	 Australia 	Oceania 
A/Australia/26/2009	EPI_ISL_70686	 Australia 	Oceania 
A/Australia/28/2009	EPI_ISL_70688	 Australia 	Oceania 
A/Australia/40/2009	EPI_ISL_70696	 Australia 	Oceania 
A/Australia/42/2009	EPI_ISL_70697	 Australia 	Oceania 
A/Australia/43/2009	EPI_ISL_70698	 Australia 	Oceania 
A/Australia/54/2009	EPI_ISL_70705	 Australia 	Oceania 
A/Australia/56/2009	EPI_ISL_70706	 Australia 	Oceania 
A/Australia/57/2009	EPI_ISL_70707	 Australia 	Oceania 
A/Australia/58/2009	EPI_ISL_70708	 Australia 	Oceania 
A/Australia/59/2009	EPI_ISL_70709	 Australia 	Oceania 
A/Australia/6/2009	EPI_ISL_68089	 Australia	Oceania 
A/Australia/61/2009	EPI_ISL_70711	 Australia 	Oceania 
A/Australia/63/2009	EPI_ISL_70712	 Australia 	Oceania 
A/Australia/64/2009	EPI_ISL_70713	 Australia 	Oceania 
A/Australia/69/2009	EPI_ISL_70716	 Australia 	Oceania 
A/Australia/70/2009	EPI_ISL_70718	 Australia 	Oceania 
A/Australia/82/2009	EPI_ISL_70724	 Australia 	Oceania 
A/Brisbane/02/2018	EPI_ISL_330190	 Australia	Oceania 
A/BRISBANE/1007/2014	EPI_ISL_168953	 Australia 	Oceania 
A/Brisbane/1018/2018	EPI_ISL_332774	 Australia 	Oceania 
A/Brisbane/103/2016	EPI_ISL_227599	 Australia 	Oceania 
A/Brisbane/137/2015	EPI_ISL_219024	 Australia 	Oceania 
A/Brisbane/151/2018	EPI_ISL_338257	 Australia 	Oceania 
A/Brisbane/159/2018	EPI_ISL_338254	 Australia 	Oceania 
A/Brisbane/200/2017	EPI_ISL_312596	 Australia 	Oceania 
A/BRISBANE/210/2011	EPI_ISL_101516	 Australia 	Oceania 
A/Brisbane/28/2013	EPI_ISL_172856	 Australia 	Oceania 
A/Brisbane/294/2016	EPI_ISL_243993	 Australia 	Oceania 
A/Brisbane/305/2016	EPI_ISL_246667	 Australia 	Oceania 
A/Brisbane/35/2015	EPI_ISL_195823	 Australia	Oceania 
A/Brisbane/37/2017	EPI_ISL_269278	 Australia 	Oceania 
A/BRISBANE/6/2013	EPI_ISL_141542	 Australia 	Oceania 
A/Brisbane/70/2011	EPI_ISL_100105	 Australia	Oceania 
A/Brisbane/78/2018	EPI_ISL_320947	 Australia 	Oceania 
A/Canberra/1/2016	EPI_ISL_222773	 Australia 	Oceania 
A/Canberra/1014/2017	EPI_ISL_312590	 Australia 	Oceania 
A/Canterbury/25/2017	EPI_ISL_312589	 New Zealand 	Oceania 
A/CHRISTCHURCH/18/2011	EPI_ISL_101547	 New Zealand	Oceania 
A/CHRISTCHURCH/538/2014	EPI_ISL_168850	 New Zealand 	Oceania 
A/CHRISTCHURCH/60/2011	EPI_ISL_106845	 New Zealand 	Oceania 
A/DARWIN/104/2013	EPI_ISL_161865	 Australia 	Oceania 
A/Darwin/118/2018	EPI_ISL_338245	 Australia 	Oceania 
A/Darwin/122/2018	EPI_ISL_333978	 Australia 	Oceania 
A/Darwin/123/2018	EPI_ISL_391378	 Australia	Oceania 
A/Darwin/21/2018	EPI_ISL_333986	 Australia 	Oceania 
A/Darwin/25/2018	EPI_ISL_333989	 Australia 	Oceania 
A/Darwin/35/2018	EPI_ISL_333993	 Australia 	Oceania 
A/Darwin/37/2018	EPI_ISL_333995	 Australia 	Oceania 
A/Darwin/4/2018	EPI_ISL_338264	 Australia 	Oceania 
A/Darwin/47/2018	EPI_ISL_334066	 Australia 	Oceania 
A/Darwin/5/2018	EPI_ISL_338263	 Australia 	Oceania 
A/Darwin/50/2018	EPI_ISL_333999	 Australia 	Oceania 
A/Darwin/51/2018	EPI_ISL_334000	 Australia 	Oceania 
A/Darwin/52/2018	EPI_ISL_334001	 Australia 	Oceania 
A/Darwin/55/2018	EPI_ISL_334071	 Australia 	Oceania 
A/DARWIN/56/2013	EPI_ISL_148746	 Australia 	Oceania 
A/Darwin/6/2018	EPI_ISL_349822	 Australia	Oceania 
A/Darwin/67/2018	EPI_ISL_334072	 Australia 	Oceania 
A/Darwin/69/2018	EPI_ISL_334074	 Australia 	Oceania 
A/Darwin/74/2018	EPI_ISL_334076	 Australia 	Oceania 
A/Darwin/80/2018	EPI_ISL_334008	 Australia 	Oceania 
A/Darwin/86/2018	EPI_ISL_338258	 Australia 	Oceania 
A/Darwin/91/2018	EPI_ISL_338260	 Australia 	Oceania 
A/Darwin/95/2018	EPI_ISL_338261	 Australia 	Oceania 
A/Dunedin/4/2017	EPI_ISL_312588	 New Zealand 	Oceania 
A/Dunedin/9/2016	EPI_ISL_237875	 New Zealand 	Oceania 
A/Fiji/2/2016	EPI_ISL_227596	 Fiji 	Oceania 
A/FIJI/4/2012	EPI_ISL_128688	 Fiji	Oceania 
A/Fiji/63/2016	EPI_ISL_255507	 Fiji 	Oceania 
A/Fiji/8/2016	EPI_ISL_227598	 Fiji 	Oceania 
A/Gisborne/1/2016	EPI_ISL_243923	 New Zealand 	Oceania 
A/GOROKA/27/2013	EPI_ISL_151482	 Papua New Guinea 	Oceania 
A/Guam/NHRC0001/2009	EPI_ISL_76450	 Guam	Oceania 
A/Guam/NHRC0004/2009	EPI_ISL_77854	 Guam	Oceania 
A/Guam/NHRC0006/2009	EPI_ISL_78762	 Guam	Oceania 
A/Guam/NHRC0009/2009	EPI_ISL_77857	 Guam	Oceania 
A/Guam/NHRC0011/2009	EPI_ISL_77859	 Guam	Oceania 
A/Guam/NHRC0016/2009	EPI_ISL_77864	 Guam	Oceania 
A/Guam/NHRC0018/2009	EPI_ISL_77866	 Guam	Oceania 
A/Guam/NHRC0020/2009	EPI_ISL_77868	 Guam	Oceania 
A/Guam/NHRC0023/2009	EPI_ISL_77871	 Guam	Oceania 
A/Guam/NHRC0024/2009	EPI_ISL_77872	 Guam	Oceania 
A/Guam/NHRC0025/2009	EPI_ISL_77873	 Guam	Oceania 
A/Guam/NHRC0029/2009	EPI_ISL_78764	 Guam	Oceania 
A/Guam/NHRC0030/2009	EPI_ISL_78765	 Guam	Oceania 
A/Guam/NHRC0031/2009	EPI_ISL_78766	 Guam	Oceania 
A/Guam/NHRC0032/2009	EPI_ISL_78767	 Guam	Oceania 
A/New Caledonia/14/2018	EPI_ISL_346463	 New Caledonia 	Oceania 
A/NEW CALEDONIA/58/2013	EPI_ISL_161860	 Wallis and Futuna	Oceania 
A/NEW CALEDONIA/58/2014	EPI_ISL_166169	 New Caledonia	Oceania 
A/NEW CALEDONIA/72/2014	EPI_ISL_168854	 New Caledonia	Oceania 
A/New Zealand/0815/2016	EPI_ISL_240215	 New Zealand	Oceania 
A/New Zealand/0841/2016	EPI_ISL_235322	 New Zealand	Oceania 
A/New Zealand/0842/2016	EPI_ISL_240217	 New Zealand	Oceania 
A/New Zealand/0967/2016	EPI_ISL_240219	 New Zealand	Oceania 
A/New Zealand/1057/2017	EPI_ISL_284821	 New Zealand	Oceania 
A/New Zealand/1076/2017	EPI_ISL_284823	 New Zealand	Oceania 
A/New Zealand/1148/2016	EPI_ISL_241696	 New Zealand	Oceania 
A/New Zealand/1150/2016	EPI_ISL_240223	 New Zealand	Oceania 
A/New Zealand/1258/2017	EPI_ISL_285770	 New Zealand	Oceania 
A/New Zealand/1417/2017	EPI_ISL_284820	 New Zealand	Oceania 
A/New Zealand/1483/2017	EPI_ISL_284819	 New Zealand	Oceania 
A/New Zealand/1566/2017	EPI_ISL_284818	 New Zealand	Oceania 
A/New Zealand/1755/2017	EPI_ISL_284817	 New Zealand	Oceania 
A/New Zealand/1898/2017	EPI_ISL_284834	 New Zealand	Oceania 
A/New Zealand/1937/2016	EPI_ISL_235323	 New Zealand	Oceania 
A/New Zealand/1949/2017	EPI_ISL_285763	 New Zealand	Oceania 
A/New Zealand/2021/2017	EPI_ISL_284816	 New Zealand	Oceania 
A/New Zealand/2023/2017	EPI_ISL_284815	 New Zealand	Oceania 
A/New Zealand/2044/2017	EPI_ISL_286086	 New Zealand	Oceania 
A/New Zealand/2183/2017	EPI_ISL_284830	 New Zealand	Oceania 
A/New Zealand/219/2017	EPI_ISL_275651	 New Zealand	Oceania 
A/New Zealand/2264/2017	EPI_ISL_284829	 New Zealand	Oceania 
A/New Zealand/2280/2017	EPI_ISL_284828	 New Zealand	Oceania 
A/New Zealand/2287/2017	EPI_ISL_286073	 New Zealand	Oceania 
A/New Zealand/2309/2017	EPI_ISL_284827	 New Zealand	Oceania 
A/New Zealand/2333/2017	EPI_ISL_286071	 New Zealand	Oceania 
A/New Zealand/2341/2017	EPI_ISL_286087	 New Zealand	Oceania 
A/New Zealand/2388/2017	EPI_ISL_286085	 New Zealand	Oceania 
A/New Zealand/2395/2017	EPI_ISL_286083	 New Zealand	Oceania 
A/New Zealand/245/2017	EPI_ISL_275652	 New Zealand	Oceania 
A/New Zealand/476/2017	EPI_ISL_275653	 New Zealand	Oceania 
A/New Zealand/551/2017	EPI_ISL_284825	 New Zealand	Oceania 
A/New Zealand/591/2017	EPI_ISL_275654	 New Zealand	Oceania 
A/New Zealand/871/2009	EPI_ISL_73420	 New Zealand	Oceania 
A/New Zealand/963/2017	EPI_ISL_284824	 New Zealand	Oceania 
A/New Zealand/971/2017	EPI_ISL_285773	 New Zealand	Oceania 
A/Newcastle/106/2016	EPI_ISL_237854	 Australia 	Oceania 
A/NEWCASTLE/163/2011	EPI_ISL_95604	 Australia 	Oceania 
A/NEWCASTLE/17/2011	EPI_ISL_95595	 Australia 	Oceania 
A/NEWCASTLE/170/2011	EPI_ISL_101541	 Australia 	Oceania 
A/NEWCASTLE/179/2011	EPI_ISL_101564	 Australia 	Oceania 
A/NEWCASTLE/58/2011	EPI_ISL_95252	 Australia 	Oceania 
A/Newcastle/76/2018	EPI_ISL_339049	 Australia 	Oceania 
A/Newcastle/77/2018	EPI_ISL_336002	 Australia 	Oceania 
A/Newcastle/78/2018	EPI_ISL_339050	 Australia 	Oceania 
A/NEWCASTLE/85/2011	EPI_ISL_95601	 Australia 	Oceania 
A/NORTHLAND/2/2013	EPI_ISL_161309	 New Zealand 	Oceania 
A/Papua New Guinea/29/2016	EPI_ISL_261883	 Papua New Guinea 	Oceania 
A/Papua New Guinea/36/2016	EPI_ISL_272694	 Papua New Guinea 	Oceania 
A/Perth/10/2017	EPI_ISL_269259	 Australia 	Oceania 
A/PERTH/12/2010	EPI_ISL_79402	 Australia 	Oceania 
A/PERTH/175/2011	EPI_ISL_106844	 Australia 	Oceania 
A/Perth/183/2018	EPI_ISL_334433	 Australia 	Oceania 
A/PERTH/194/2011	EPI_ISL_106850	 Australia 	Oceania 
A/PERTH/298/2012	EPI_ISL_141551	 Australia 	Oceania 
A/PERTH/299/2011	EPI_ISL_118649	 Australia 	Oceania 
A/Perth/346/2017	EPI_ISL_312598	 Australia 	Oceania 
A/PERTH/49/2011	EPI_ISL_101523	 Australia 	Oceania 
A/South Auckland/2/2016	EPI_ISL_232832	 New Zealand 	Oceania 
A/South Auckland/51/2016	EPI_ISL_237876	 New Zealand 	Oceania 
A/South Australia/152/2018	EPI_ISL_338256	 Australia 	Oceania 
A/SOUTH AUSTRALIA/162/2012	EPI_ISL_134468	 Australia 	Oceania 
A/South Australia/17/2013	EPI_ISL_145643	 Australia	Oceania 
A/South Australia/172/2018	EPI_ISL_338252	 Australia 	Oceania 
A/South Australia/22/2015	EPI_ISL_197576	 Australia	Oceania 
A/South Australia/272/2017	EPI_ISL_330191	 Australia	Oceania 
A/SOUTH AUSTRALIA/77/2013	EPI_ISL_151586	 Australia 	Oceania 
A/Sydney/1006/2016	EPI_ISL_232795	 Australia 	Oceania 
A/Sydney/15/2016	EPI_ISL_222779	 Australia 	Oceania 
A/Sydney/231/2017	EPI_ISL_312595	 Australia 	Oceania 
A/SYDNEY/525/2011	EPI_ISL_101556	 Australia 	Oceania 
A/SYDNEY/56/2011	EPI_ISL_101546	 Australia 	Oceania 
A/SYDNEY/74/2011	EPI_ISL_101566	 Australia 	Oceania 
A/Sydney/744/2017	EPI_ISL_312592	 Australia 	Oceania 
A/SYDNEY/82/2013	EPI_ISL_161858	 Australia 	Oceania 
A/Tasmania/1/2016	EPI_ISL_222794	 Australia 	Oceania 
A/Tasmania/10/2018	EPI_ISL_338251	 Australia 	Oceania 
A/Tasmania/1042/2017	EPI_ISL_312591	 Australia 	Oceania 
A/TASMANIA/24/2014	EPI_ISL_166026	 Australia 	Oceania 
A/Tasmania/27/2015	EPI_ISL_194543	 Australia 	Oceania 
A/Tasmania/32/2016	EPI_ISL_237863	 Australia 	Oceania 
A/Tasmania/8/2017	EPI_ISL_269262	 Australia 	Oceania 
A/Tauranga/5/2018	EPI_ISL_346467	 New Zealand 	Oceania 
A/TOWNSVILLE/23/2013	EPI_ISL_148760	 Australia	Oceania 
A/Townsville/31/2016	EPI_ISL_239843	 Australia 	Oceania 
A/TOWNSVILLE/41/2013	EPI_ISL_151501	 Australia 	Oceania 
A/TOWNSVILLE/5/2013	EPI_ISL_148750	 Australia 	Oceania 
A/Victoria/2102/2018	EPI_ISL_338255	 Australia 	Oceania 
A/VICTORIA/229/2013	EPI_ISL_161332	 Australia 	Oceania 
A/Victoria/2500/2016	EPI_ISL_272695	 Australia 	Oceania 
A/Victoria/501/2016	EPI_ISL_236234	 Australia	Oceania 
A/VICTORIA/514/2012	EPI_ISL_122599	 Australia 	Oceania 
A/Victoria/523/2012	EPI_ISL_129015	 Australia	Oceania 
A/Victoria/744/2018	EPI_ISL_338250	 Australia 	Oceania 
A/Victoria/746/2018	EPI_ISL_338253	 Australia 	Oceania 
A/VICTORIA/821/2011	EPI_ISL_101534	 Australia 	Oceania 
A/Wellington/52/2017	EPI_ISL_312587	 New Zealand 	Oceania 